Updated Date,Expiration Date,Ticker,Strike,Last,Theor.,IV,Delta,Gamma,Theta,Vega,Rho,Volume,Open Int,Vol/OI,Type,Last Trade,Avg IV
20240124,20240126,nvda,562.50,35.16,36.67,46.85%,0.96603,0.00363,-0.47009,0.03342,0.02968,74,939,0.08,Call,01/23/24,44.64%
20240124,20240126,nvda,565.00,34.5,34.5,51.45%,0.93934,0.00527,-0.76164,0.05325,0.02893,415,"3,326",0.12,Call,01/23/24,44.64%
20240124,20240126,nvda,567.50,32.0,32.0,48.36%,0.93607,0.00584,-0.7475,0.05548,0.02896,133,"1,535",0.09,Call,01/23/24,44.64%
20240124,20240126,nvda,570.00,30.07,30.07,53.52%,0.89767,0.00752,-1.13213,0.0791,0.0278,815,"2,605",0.31,Call,01/23/24,44.64%
20240124,20240126,nvda,572.50,27.67,27.67,51.23%,0.88649,0.00847,-1.16467,0.08523,0.02757,372,"2,052",0.18,Call,01/23/24,44.64%
20240124,20240126,nvda,575.00,25.35,25.35,49.62%,0.8702,0.00961,-1.23392,0.09366,0.02716,869,"3,436",0.25,Call,01/23/24,44.64%
20240124,20240126,nvda,580.00,20.83,20.83,46.60%,0.82824,0.01234,-1.38412,0.1129,0.02603,"2,553","4,569",0.56,Call,01/23/24,44.64%
20240124,20240126,nvda,585.00,16.93,16.55,43.96%,0.76983,0.01559,-1.54402,0.13463,0.02435,"4,572","4,011",1.14,Call,01/23/24,44.64%
20240124,20240126,nvda,590.00,12.9,13.13,44.95%,0.6797,0.01796,-1.83901,0.15855,0.02158,"18,062","7,673",2.35,Call,01/23/24,44.64%
20240124,20240126,nvda,595.00,10.04,10.04,45.04%,0.58429,0.01954,-1.99544,0.17284,0.01862,"34,191","6,103",5.6,Call,01/23/24,44.64%
20240124,20240126,nvda,600.00,7.45,7.45,45.13%,0.48483,0.01994,-2.03439,0.17667,0.0155,"44,645","16,439",2.72,Call,01/23/24,44.64%
20240124,20240126,nvda,605.00,5.36,5.36,45.26%,0.3876,0.0191,-1.95353,0.16974,0.01242,"16,651","7,216",2.31,Call,01/23/24,44.64%
20240124,20240126,nvda,610.00,3.8,3.8,45.83%,0.30005,0.01712,-1.79117,0.1541,0.00964,"20,801","14,049",1.48,Call,01/23/24,44.64%
20240124,20240126,nvda,615.00,2.6,2.6,46.17%,0.22394,0.01462,-1.54936,0.13256,0.00721,"13,584","8,847",1.54,Call,01/23/24,44.64%
20240124,20240126,nvda,620.00,1.76,1.76,46.79%,0.163,0.01188,-1.29087,0.10915,0.00525,"20,235","10,525",1.92,Call,01/23/24,44.64%
20240124,20240126,nvda,625.00,1.22,1.22,48.02%,0.11856,0.00932,-1.06545,0.08791,0.00382,"8,041","5,203",1.55,Call,01/23/24,44.64%
20240124,20240126,nvda,630.00,0.82,0.82,48.93%,0.08386,0.0071,-0.84233,0.06828,0.00271,"7,630","5,486",1.39,Call,01/23/24,44.64%
20240124,20240126,nvda,635.00,0.57,0.57,50.30%,0.06017,0.00535,-0.67054,0.05292,0.00194,"3,448","2,050",1.68,Call,01/23/24,44.64%
20240124,20240126,nvda,640.00,0.4,0.4,51.73%,0.04328,0.004,-0.53028,0.04071,0.0014,"4,327","4,022",1.08,Call,01/23/24,44.64%
20240124,20240126,nvda,645.00,0.3,0.3,53.74%,0.03258,0.00306,-0.43661,0.03229,0.00105,"2,061",850,2.42,Call,01/23/24,44.64%
20240124,20240126,nvda,562.50,0.37,0.37,49.28%,-0.04121,0.00404,-0.47865,0.03913,-0.00128,"2,383","2,562",0.93,Put,01/23/24,44.64%
20240124,20240126,nvda,565.00,0.46,0.46,48.50%,-0.05044,0.00483,-0.55396,0.04603,-0.00157,"4,581","5,659",0.81,Put,01/23/24,44.64%
20240124,20240126,nvda,567.50,0.59,0.59,48.07%,-0.0629,0.0058,-0.65316,0.05478,-0.00195,"3,033","2,682",1.13,Put,01/23/24,44.64%
20240124,20240126,nvda,570.00,0.73,0.73,47.30%,-0.0764,0.00685,-0.7461,0.06363,-0.00237,"12,290","8,641",1.42,Put,01/23/24,44.64%
20240124,20240126,nvda,572.50,0.9,0.9,46.51%,-0.09237,0.00803,-0.84556,0.07338,-0.00286,"4,625","3,707",1.25,Put,01/23/24,44.64%
20240124,20240126,nvda,575.00,1.14,1.14,46.11%,-0.11317,0.00939,-0.97107,0.08505,-0.00349,"10,823","5,616",1.93,Put,01/23/24,44.64%
20240124,20240126,nvda,580.00,1.8,1.8,45.40%,-0.1659,0.01239,-1.2395,0.1104,-0.00509,"15,519","8,264",1.88,Put,01/23/24,44.64%
20240124,20240126,nvda,585.00,2.72,2.72,44.45%,-0.23286,0.01553,-1.48689,0.1355,-0.00708,"15,935","7,017",2.27,Put,01/23/24,44.64%
20240124,20240126,nvda,590.00,4.12,4.12,44.26%,-0.31831,0.01821,-1.72441,0.15813,-0.0096,"30,029","5,411",5.55,Put,01/23/24,44.64%
20240124,20240126,nvda,595.00,5.99,5.99,44.14%,-0.41486,0.01995,-1.87353,0.17275,-0.01234,"19,802","3,597",5.51,Put,01/23/24,44.64%
20240124,20240126,nvda,600.00,8.4,8.4,44.24%,-0.51648,0.02036,-1.91349,0.17664,-0.01513,"8,891","4,475",1.99,Put,01/23/24,44.64%
20240124,20240126,nvda,605.00,11.35,11.35,44.55%,-0.61532,0.0194,-1.83956,0.16933,-0.0175,"1,394","1,158",1.2,Put,01/23/24,44.64%
20240124,20240126,nvda,610.00,14.62,14.62,43.91%,-0.70963,0.01766,-1.61377,0.15174,-0.01955,"1,037",782,1.33,Put,01/23/24,44.64%
20240124,20240126,nvda,615.00,18.45,18.45,44.11%,-0.78854,0.01488,-1.35828,0.12816,-0.02074,142,238,0.6,Put,01/23/24,44.64%
20240124,20240126,nvda,620.00,22.8,22.8,46.01%,-0.84305,0.01187,-1.16729,0.10636,-0.02113,373,340,1.1,Put,01/23/24,44.64%
20240124,20240126,nvda,625.00,28.98,27.45,49.14%,-0.87762,0.00939,-1.04622,0.08978,-0.02139,21,262,0.08,Put,01/23/24,44.64%
20240124,20240126,nvda,630.00,31.55,31.55,41.57%,-0.95167,0.00558,-0.41257,0.04419,-0.01763,63,171,0.37,Put,01/23/24,44.64%
20240124,20240126,nvda,635.00,42.0,36.72,50.45%,-0.94216,0.00527,-0.59456,0.051,-0.01833,16,98,0.16,Put,01/23/24,44.64%
20240124,20240126,nvda,640.00,44.3,42.33,65.70%,-0.91153,0.00556,-1.1081,0.07094,-0.02149,47,52,0.9,Put,01/23/24,44.64%
20240124,20240126,nvda,645.00,0.0,46.7,60.17%,-0.95224,0.00379,-0.61049,0.04382,-0.01835,0,12,0.0,Put,,44.64%
20240124,20240202,enph,102.00,9.7,10.9,71.54%,0.80086,0.02233,-0.20539,0.0488,0.01929,7,51,0.14,Call,01/23/24,62.61%
20240124,20240202,enph,103.00,9.1,9.85,65.75%,0.79249,0.02491,-0.19414,0.05002,0.01932,24,103,0.23,Call,01/23/24,62.61%
20240124,20240202,enph,104.00,9.75,9.08,65.21%,0.76628,0.02689,-0.2051,0.05354,0.01879,50,66,0.76,Call,01/23/24,62.61%
20240124,20240202,enph,105.00,8.7,8.35,65.07%,0.73706,0.02869,-0.21688,0.05702,0.01817,54,88,0.61,Call,01/23/24,62.61%
20240124,20240202,enph,106.00,8.1,7.63,64.41%,0.70747,0.03053,-0.22533,0.06007,0.01754,84,85,0.99,Call,01/23/24,62.61%
20240124,20240202,enph,107.00,6.88,6.88,62.96%,0.67771,0.0326,-0.22927,0.06268,0.0169,137,689,0.2,Call,01/23/24,62.61%
20240124,20240202,enph,108.00,6.75,6.33,64.00%,0.64164,0.0334,-0.24162,0.06528,0.01605,114,188,0.61,Call,01/23/24,62.61%
20240124,20240202,enph,109.00,5.6,5.73,63.78%,0.60709,0.0345,-0.24711,0.06719,0.01525,153,137,1.12,Call,01/23/24,62.61%
20240124,20240202,enph,110.00,4.95,5.18,63.77%,0.57164,0.03522,-0.25154,0.06859,0.01441,430,374,1.15,Call,01/23/24,62.61%
20240124,20240202,enph,111.00,4.5,4.62,63.24%,0.53589,0.03596,-0.252,0.06944,0.01357,210,121,1.74,Call,01/23/24,62.61%
20240124,20240202,enph,112.00,4.1,4.1,62.56%,0.49947,0.03649,-0.24984,0.06972,0.0127,116,257,0.45,Call,01/23/24,62.61%
20240124,20240202,enph,113.00,3.6,3.73,63.52%,0.46457,0.0358,-0.25209,0.06945,0.01183,142,282,0.5,Call,01/23/24,62.61%
20240124,20240202,enph,114.00,3.3,3.3,63.27%,0.4292,0.03552,-0.24768,0.06862,0.01097,136,120,1.13,Call,01/23/24,62.61%
20240124,20240202,enph,115.00,2.95,2.95,63.62%,0.39576,0.03466,-0.24395,0.06733,0.01013,"2,021","1,414",1.43,Call,01/23/24,62.61%
20240124,20240202,enph,116.00,2.76,2.59,63.25%,0.36182,0.03391,-0.23567,0.0655,0.00929,153,113,1.35,Call,01/23/24,62.61%
20240124,20240202,enph,117.00,2.5,2.29,63.41%,0.33043,0.0327,-0.22809,0.06332,0.00851,59,156,0.38,Call,01/23/24,62.61%
20240124,20240202,enph,118.00,2.01,2.01,63.49%,0.30036,0.03135,-0.21904,0.0608,0.00775,291,95,3.06,Call,01/23/24,62.61%
20240124,20240202,enph,119.00,1.71,1.77,63.62%,0.27207,0.02985,-0.20919,0.05801,0.00703,306,104,2.94,Call,01/23/24,62.61%
20240124,20240202,enph,120.00,1.56,1.56,64.02%,0.24654,0.02819,-0.19984,0.05513,0.00638,817,"2,549",0.32,Call,01/23/24,62.61%
20240124,20240202,enph,121.00,1.5,1.37,64.29%,0.22232,0.02651,-0.18934,0.05206,0.00576,36,54,0.67,Call,01/23/24,62.61%
20240124,20240202,enph,102.00,1.11,1.11,63.92%,-0.17586,0.02316,-0.15773,0.04519,-0.00466,54,196,0.28,Put,01/23/24,62.61%
20240124,20240202,enph,103.00,1.39,1.32,63.78%,-0.20169,0.02526,-0.1711,0.04918,-0.00534,53,179,0.3,Put,01/23/24,62.61%
20240124,20240202,enph,104.00,1.68,1.54,63.20%,-0.22816,0.02739,-0.18193,0.05283,-0.00602,112,99,1.13,Put,01/23/24,62.61%
20240124,20240202,enph,105.00,1.8,1.8,63.03%,-0.25788,0.02936,-0.19364,0.05645,-0.00678,203,737,0.28,Put,01/23/24,62.61%
20240124,20240202,enph,106.00,2.16,2.09,62.66%,-0.28887,0.03124,-0.20336,0.05971,-0.00757,92,52,1.77,Put,01/23/24,62.61%
20240124,20240202,enph,107.00,2.57,2.43,62.73%,-0.32251,0.03338,-0.21351,0.0627,-0.00843,75,192,0.39,Put,01/23/24,62.61%
20240124,20240202,enph,108.00,2.68,2.79,62.48%,-0.35677,0.03421,-0.22073,0.06517,-0.00929,44,218,0.2,Put,01/23/24,62.61%
20240124,20240202,enph,109.00,3.7,3.2,62.46%,-0.39239,0.03527,-0.22701,0.06716,-0.0102,51,40,1.28,Put,01/23/24,62.61%
20240124,20240202,enph,110.00,3.89,3.65,62.48%,-0.42871,0.03603,-0.23155,0.06859,-0.01106,444,179,2.48,Put,01/23/24,62.61%
20240124,20240202,enph,111.00,4.1,4.1,61.97%,-0.46535,0.03679,-0.23203,0.06944,-0.01187,73,68,1.07,Put,01/23/24,62.61%
20240124,20240202,enph,112.00,4.67,4.67,62.66%,-0.50172,0.03653,-0.23507,0.0697,-0.01277,53,349,0.15,Put,01/23/24,62.61%
20240124,20240202,enph,113.00,4.95,5.17,61.89%,-0.53877,0.03682,-0.23045,0.06937,-0.01365,39,55,0.71,Put,01/23/24,62.61%
20240124,20240202,enph,114.00,5.75,5.75,61.61%,-0.57522,0.03652,-0.22575,0.06846,-0.01447,18,73,0.25,Put,01/23/24,62.61%
20240124,20240202,enph,115.00,7.55,6.43,62.29%,-0.60888,0.03541,-0.22317,0.06708,-0.01516,30,378,0.08,Put,01/23/24,62.61%
20240124,20240202,enph,116.00,8.03,7.08,62.12%,-0.64319,0.03452,-0.21546,0.06514,-0.01573,11,63,0.17,Put,01/23/24,62.61%
20240124,20240202,enph,117.00,8.45,7.78,62.21%,-0.67539,0.03331,-0.20746,0.06282,-0.01633,14,27,0.52,Put,01/23/24,62.61%
20240124,20240202,enph,118.00,9.9,8.5,62.24%,-0.70618,0.03185,-0.19789,0.06014,-0.01697,7,28,0.25,Put,01/23/24,62.61%
20240124,20240202,enph,119.00,10.43,9.25,62.20%,-0.73572,0.0303,-0.18705,0.0571,-0.01734,16,16,1.0,Put,01/23/24,62.61%
20240124,20240202,enph,120.00,11.5,10.03,62.13%,-0.7636,0.02862,-0.17524,0.05382,-0.01773,6,160,0.04,Put,01/23/24,62.61%
20240124,20240202,enph,121.00,12.75,10.85,62.55%,-0.78763,0.02678,-0.16525,0.05062,-0.01799,1,16,0.06,Put,01/23/24,62.61%
20240124,20240202,nflx,467.50,35.8,35.8,69.09%,0.70569,0.00646,-1.06788,0.26637,0.07682,64,13.0,4.92,Call,01/23/24,70.86%
20240124,20240202,nflx,470.00,33.37,33.37,66.20%,0.69445,0.00685,-1.04141,0.27093,0.07605,215,155.0,1.39,Call,01/23/24,70.86%
20240124,20240202,nflx,472.50,32.3,32.3,68.16%,0.67267,0.00685,-1.10002,0.27897,0.07367,27,23.0,1.17,Call,01/23/24,70.86%
20240124,20240202,nflx,475.00,30.46,30.73,68.10%,0.65478,0.007,-1.12012,0.28481,0.07189,71,142.0,0.5,Call,01/23/24,70.86%
20240124,20240202,nflx,477.50,28.78,29.25,68.22%,0.63635,0.00712,-1.14113,0.29013,0.07002,18,56.0,0.32,Call,01/23/24,70.86%
20240124,20240202,nflx,480.00,27.8,27.8,68.27%,0.61785,0.00723,-1.1583,0.29477,0.06813,150,279.0,0.54,Call,01/23/24,70.86%
20240124,20240202,nflx,482.50,26.51,26.51,68.69%,0.5989,0.00728,-1.17937,0.29879,0.06615,111,126.0,0.88,Call,01/23/24,70.86%
20240124,20240202,nflx,485.00,25.18,25.18,68.81%,0.5802,0.00735,-1.19271,0.30207,0.06421,694,551.0,1.26,Call,01/23/24,70.86%
20240124,20240202,nflx,487.50,23.95,23.95,69.10%,0.56144,0.00738,-1.20636,0.30465,0.06223,665,232.0,2.87,Call,01/23/24,70.86%
20240124,20240202,nflx,490.00,22.64,22.64,68.97%,0.54279,0.00744,-1.21028,0.30654,0.06029,"1,040",321.0,3.24,Call,01/23/24,70.86%
20240124,20240202,nflx,492.50,21.46,21.46,69.11%,0.52415,0.00746,-1.2162,0.30775,0.05832,359,46.0,7.8,Call,01/23/24,70.86%
20240124,20240202,nflx,495.00,20.35,20.35,69.33%,0.50567,0.00745,-1.22083,0.30829,0.05635,457,383.0,1.19,Call,01/23/24,70.86%
20240124,20240202,nflx,497.50,19.25,19.25,69.43%,0.48729,0.00743,-1.22092,0.30816,0.05439,108,19.0,5.68,Call,01/23/24,70.86%
20240124,20240202,nflx,500.00,18.3,18.3,69.88%,0.46945,0.00737,-1.22444,0.30741,0.05246,"2,140",656.0,3.26,Call,01/23/24,70.86%
20240124,20240202,nflx,502.50,17.13,17.13,69.46%,0.45084,0.00738,-1.21055,0.30597,0.05049,488,147.0,3.32,Call,01/23/24,70.86%
20240124,20240202,nflx,505.00,16.22,16.22,69.74%,0.43333,0.0073,-1.20664,0.304,0.04859,390,255.0,1.53,Call,01/23/24,70.86%
20240124,20240202,nflx,507.50,15.12,15.33,69.94%,0.41602,0.00722,-1.19896,0.30146,0.04671,98,18.0,5.44,Call,01/23/24,70.86%
20240124,20240202,nflx,510.00,14.41,14.41,69.93%,0.39863,0.00714,-1.18544,0.29831,0.04483,516,237.0,2.18,Call,01/23/24,70.86%
20240124,20240202,nflx,512.50,13.4,13.4,69.45%,0.38047,0.0071,-1.16125,0.29437,0.04287,79,15.0,5.27,Call,01/23/24,70.86%
20240124,20240202,nflx,515.00,12.95,12.73,69.98%,0.36489,0.00695,-1.15363,0.29046,0.04115,282,109.0,2.59,Call,01/23/24,70.86%
20240124,20240202,nflx,467.50,10.98,10.98,70.82%,-0.29854,0.00635,-1.03421,0.2681,-0.03487,81,41.0,1.98,Put,01/23/24,70.86%
20240124,20240202,nflx,470.00,11.87,11.87,70.91%,-0.31556,0.0065,-1.06045,0.27474,-0.03684,666,575.0,1.16,Put,01/23/24,70.86%
20240124,20240202,nflx,472.50,12.88,12.88,71.26%,-0.33328,0.00661,-1.08927,0.28098,-0.03889,280,133.0,2.11,Put,01/23/24,70.86%
20240124,20240202,nflx,475.00,13.82,13.82,71.19%,-0.35055,0.00675,-1.1086,0.2864,-0.04079,228,279.0,0.82,Put,01/23/24,70.86%
20240124,20240202,nflx,477.50,14.89,14.89,71.42%,-0.36841,0.00684,-1.13074,0.29136,-0.04279,151,81.0,1.86,Put,01/23/24,70.86%
20240124,20240202,nflx,480.00,15.98,15.98,71.56%,-0.38625,0.00693,-1.14885,0.29567,-0.04483,"1,573",234.0,6.72,Put,01/23/24,70.86%
20240124,20240202,nflx,482.50,17.16,17.16,71.84%,-0.40428,0.00699,-1.167,0.29937,-0.04689,285,92.0,3.1,Put,01/23/24,70.86%
20240124,20240202,nflx,485.00,18.33,18.33,71.93%,-0.42219,0.00705,-1.17942,0.30241,-0.04893,"1,439",234.0,6.15,Put,01/23/24,70.86%
20240124,20240202,nflx,487.50,19.5,19.5,71.87%,-0.44014,0.00712,-1.18689,0.30479,-0.05068,154,168.0,0.92,Put,01/23/24,70.86%
20240124,20240202,nflx,490.00,20.85,20.85,72.25%,-0.45809,0.00712,-1.19924,0.30657,-0.05272,325,177.0,1.84,Put,01/23/24,70.86%
20240124,20240202,nflx,492.50,22.4,22.4,73.13%,-0.47571,0.00706,-1.21765,0.3077,-0.05469,79,5.0,15.8,Put,01/23/24,70.86%
20240124,20240202,nflx,495.00,24.5,23.57,72.64%,-0.49361,0.00712,-1.21041,0.30822,-0.0565,182,92.0,1.98,Put,01/23/24,70.86%
20240124,20240202,nflx,497.50,24.17,25.0,72.83%,-0.51117,0.0071,-1.21216,0.30812,-0.05821,21,3.0,7.0,Put,01/23/24,70.86%
20240124,20240202,nflx,500.00,26.6,26.6,73.44%,-0.52805,0.00703,-1.21892,0.30748,-0.0601,94,246.0,0.38,Put,01/23/24,70.86%
20240124,20240202,nflx,502.50,28.04,28.04,73.39%,-0.54534,0.00701,-1.21204,0.30625,-0.06194,12,1.0,12.0,Put,01/23/24,70.86%
20240124,20240202,nflx,505.00,29.6,29.6,73.61%,-0.5621,0.00695,-1.20739,0.3045,-0.06378,18,119.0,0.15,Put,01/23/24,70.86%
20240124,20240202,nflx,507.50,33.1,31.1,73.48%,-0.57916,0.00691,-1.19474,0.30214,-0.06543,1,0.0,0.0,Put,01/23/24,70.86%
20240124,20240202,nflx,510.00,32.46,32.46,72.76%,-0.59718,0.00691,-1.1689,0.29904,-0.06727,24,83.0,0.29,Put,01/23/24,70.86%
20240124,20240202,nflx,512.50,0.0,34.33,73.59%,-0.61197,0.00676,-1.16931,0.29601,-0.06892,0,0.0,0.0,Put,,70.86%
20240124,20240202,nflx,515.00,36.07,36.07,73.89%,-0.62743,0.00665,-1.1585,0.29235,-0.0702,17,2.0,8.5,Put,01/23/24,70.86%
20240124,20240209,amd,148.00,22.05,22.05,57.02%,0.8774,0.0101,-0.14596,0.07161,0.05511,52,521,0.1,Call,01/23/24,58.26%
20240124,20240209,amd,149.00,21.9,21.28,57.90%,0.86229,0.01078,-0.15852,0.07761,0.05434,22,340,0.06,Call,01/23/24,58.26%
20240124,20240209,amd,150.00,20.4,20.4,57.29%,0.85205,0.01144,-0.16382,0.08147,0.05396,73,"1,066",0.07,Call,01/23/24,58.26%
20240124,20240209,amd,152.50,18.25,18.25,55.71%,0.82374,0.01318,-0.17658,0.09131,0.05282,78,368,0.21,Call,01/23/24,58.26%
20240124,20240209,amd,155.00,17.15,16.3,55.46%,0.78624,0.01489,-0.19491,0.10269,0.0509,30,616,0.05,Call,01/23/24,58.26%
20240124,20240209,amd,157.50,15.0,14.45,55.16%,0.7449,0.01651,-0.21143,0.11325,0.04866,224,356,0.63,Call,01/23/24,58.26%
20240124,20240209,amd,160.00,13.05,13.05,57.61%,0.69321,0.01729,-0.23808,0.12383,0.04546,136,"1,415",0.1,Call,01/23/24,58.26%
20240124,20240209,amd,162.50,11.7,11.58,58.26%,0.64564,0.01812,-0.25302,0.13119,0.04259,160,669,0.24,Call,01/23/24,58.26%
20240124,20240209,amd,165.00,10.15,10.15,58.32%,0.59802,0.01881,-0.26182,0.1364,0.0397,455,"3,164",0.14,Call,01/23/24,58.26%
20240124,20240209,amd,167.50,8.9,8.9,58.76%,0.54975,0.01911,-0.2685,0.13957,0.03669,645,"1,323",0.49,Call,01/23/24,58.26%
20240124,20240209,amd,170.00,7.72,7.72,58.82%,0.50188,0.01924,-0.26979,0.14067,0.03367,"1,349","2,367",0.57,Call,01/23/24,58.26%
20240124,20240209,amd,172.50,6.7,6.7,59.19%,0.45526,0.019,-0.26877,0.13978,0.03068,"2,296","1,049",2.19,Call,01/23/24,58.26%
20240124,20240209,amd,175.00,5.89,5.89,60.27%,0.4121,0.01832,-0.26776,0.13724,0.02784,931,"1,086",0.86,Call,01/23/24,58.26%
20240124,20240209,amd,177.50,5.0,5.0,60.01%,0.36822,0.01782,-0.2576,0.13292,0.02499,92,231,0.4,Call,01/23/24,58.26%
20240124,20240209,amd,180.00,4.26,4.26,60.12%,0.32749,0.01703,-0.2466,0.1273,0.02231,299,"1,094",0.27,Call,01/23/24,58.26%
20240124,20240209,amd,182.50,3.7,3.7,60.96%,0.29217,0.01598,-0.23738,0.12112,0.01995,75,179,0.42,Call,01/23/24,58.26%
20240124,20240209,amd,185.00,3.15,3.15,61.24%,0.25783,0.01496,-0.22383,0.11388,0.01765,263,817,0.32,Call,01/23/24,58.26%
20240124,20240209,amd,187.50,2.72,2.72,61.96%,0.2283,0.01384,-0.21169,0.10663,0.01566,48,101,0.48,Call,01/23/24,58.26%
20240124,20240209,amd,190.00,2.32,2.32,62.40%,0.20052,0.01274,-0.19739,0.09887,0.01379,"1,084",799,1.36,Call,01/23/24,58.26%
20240124,20240209,amd,192.50,2.05,2.05,63.64%,0.17908,0.01166,-0.18754,0.09223,0.01232,44,51,0.86,Call,01/23/24,58.26%
20240124,20240209,amd,148.00,1.4,1.4,58.54%,-0.1286,0.01018,-0.13236,0.07404,-0.00929,57,426,0.13,Put,01/23/24,58.26%
20240124,20240209,amd,149.00,1.6,1.6,59.02%,-0.14223,0.01082,-0.14289,0.07933,-0.01027,13,254,0.05,Put,01/23/24,58.26%
20240124,20240209,amd,150.00,1.69,1.69,57.96%,-0.1509,0.01147,-0.14587,0.08254,-0.01088,277,"1,185",0.23,Put,01/23/24,58.26%
20240124,20240209,amd,152.50,2.15,2.15,57.55%,-0.18361,0.01311,-0.16407,0.09368,-0.01318,147,252,0.58,Put,01/23/24,58.26%
20240124,20240209,amd,155.00,2.8,2.8,58.08%,-0.22346,0.01461,-0.18585,0.10534,-0.01602,78,855,0.09,Put,01/23/24,58.26%
20240124,20240209,amd,157.50,3.39,3.68,59.53%,-0.26881,0.01575,-0.20999,0.11632,-0.01923,66,391,0.17,Put,01/23/24,58.26%
20240124,20240209,amd,160.00,4.25,4.25,57.45%,-0.30746,0.01739,-0.21522,0.12393,-0.0218,236,554,0.43,Put,01/23/24,58.26%
20240124,20240209,amd,162.50,5.2,5.2,57.55%,-0.35443,0.01838,-0.22757,0.13118,-0.02505,95,220,0.43,Put,01/23/24,58.26%
20240124,20240209,amd,165.00,6.4,6.4,58.57%,-0.40363,0.01881,-0.24043,0.13651,-0.02833,328,424,0.77,Put,01/23/24,58.26%
20240124,20240209,amd,167.50,7.5,7.5,57.94%,-0.45188,0.01945,-0.24226,0.13961,-0.03158,274,171,1.6,Put,01/23/24,58.26%
20240124,20240209,amd,170.00,8.75,8.75,57.52%,-0.5012,0.01975,-0.24125,0.14059,-0.0344,76,441,0.17,Put,01/23/24,58.26%
20240124,20240209,amd,172.50,10.47,10.3,58.38%,-0.54833,0.01933,-0.24216,0.13953,-0.03725,9,92,0.1,Put,01/23/24,58.26%
20240124,20240209,amd,175.00,12.3,12.0,59.52%,-0.59218,0.01861,-0.24112,0.13678,-0.03988,16,110,0.15,Put,01/23/24,58.26%
20240124,20240209,amd,177.50,14.25,13.78,60.47%,-0.63317,0.01777,-0.2365,0.13265,-0.0425,15,1,15.0,Put,01/23/24,58.26%
20240124,20240209,amd,180.00,16.18,16.18,65.62%,-0.65756,0.01599,-0.25066,0.12943,-0.04421,7,32,0.22,Put,01/23/24,58.26%
20240124,20240209,amd,182.50,0.0,17.88,64.72%,-0.69727,0.01542,-0.23333,0.12295,-0.046,0,0,0.0,Put,,58.26%
20240124,20240209,amd,185.00,19.49,19.49,62.29%,-0.74167,0.01487,-0.20573,0.11378,-0.0473,7,8,0.88,Put,01/23/24,58.26%
20240124,20240209,amd,187.50,0.0,21.62,63.66%,-0.76852,0.01373,-0.19718,0.10723,-0.04845,0,0,0.0,Put,,58.26%
20240124,20240209,amd,190.00,24.3,24.3,69.77%,-0.77298,0.01239,-0.21482,0.10607,-0.04934,4,4,1.0,Put,01/23/24,58.26%
20240124,20240209,amd,192.50,26.4,26.4,70.15%,-0.79829,0.01152,-0.20039,0.09894,-0.04949,2,0,0.0,Put,01/23/24,58.26%
20240124,20240209,nflx,467.50,36.85,36.85,53.87%,0.70314,0.00623,-0.64547,0.35657,0.13555,3.0,0.0,0.0,Call,01/23/24,56.06%
20240124,20240209,nflx,470.00,33.2,35.48,54.58%,0.68487,0.00632,-0.66847,0.36612,0.13222,110.0,211.0,0.52,Call,01/23/24,56.06%
20240124,20240209,nflx,472.50,33.85,33.85,54.46%,0.66844,0.00647,-0.67944,0.37388,0.12938,6.0,1.0,6.0,Call,01/23/24,56.06%
20240124,20240209,nflx,475.00,32.51,32.51,54.99%,0.65051,0.00653,-0.69752,0.38148,0.1261,34.0,103.0,0.33,Call,01/23/24,56.06%
20240124,20240209,nflx,477.50,0.0,31.38,55.91%,0.63209,0.00654,-0.71933,0.38835,0.12262,0.0,1.0,0.0,Call,,56.06%
20240124,20240209,nflx,480.00,30.2,29.45,54.68%,0.61667,0.00678,-0.71224,0.39338,0.12014,44.0,129.0,0.34,Call,01/23/24,56.06%
20240124,20240209,nflx,482.50,26.5,27.78,54.00%,0.5999,0.00694,-0.71097,0.39813,0.11726,16.0,4.0,4.0,Call,01/23/24,56.06%
20240124,20240209,nflx,485.00,26.76,26.76,54.87%,0.58157,0.00691,-0.728,0.40247,0.11375,155.0,209.0,0.74,Call,01/23/24,56.06%
20240124,20240209,nflx,487.50,25.0,25.0,53.77%,0.56439,0.00711,-0.71871,0.40572,0.11081,135.0,28.0,4.82,Call,01/23/24,56.06%
20240124,20240209,nflx,490.00,24.15,24.15,54.81%,0.54641,0.00702,-0.73512,0.4083,0.10731,305.0,99.0,3.08,Call,01/23/24,56.06%
20240124,20240209,nflx,492.50,23.25,22.93,54.82%,0.5288,0.00705,-0.73702,0.41002,0.10404,30.0,6.0,5.0,Call,01/23/24,56.06%
20240124,20240209,nflx,495.00,21.75,21.75,54.84%,0.51123,0.00706,-0.73774,0.41093,0.10077,131.0,76.0,1.72,Call,01/23/24,56.06%
20240124,20240209,nflx,497.50,19.75,20.63,54.87%,0.49376,0.00706,-0.73728,0.41104,0.09749,24.0,9.0,2.67,Call,01/23/24,56.06%
20240124,20240209,nflx,500.00,19.6,19.6,55.04%,0.47658,0.00702,-0.73729,0.41038,0.09423,379.0,136.0,2.79,Call,01/23/24,56.06%
20240124,20240209,nflx,502.50,18.87,18.5,54.93%,0.45919,0.00701,-0.73227,0.40894,0.09097,126.0,8.0,15.75,Call,01/23/24,56.06%
20240124,20240209,nflx,505.00,17.52,17.52,55.01%,0.44225,0.00697,-0.72847,0.40677,0.08774,427.0,89.0,4.8,Call,01/23/24,56.06%
20240124,20240209,nflx,507.50,16.49,16.49,54.86%,0.42506,0.00693,-0.72043,0.40381,0.08448,42.0,4.0,10.5,Call,01/23/24,56.06%
20240124,20240209,nflx,510.00,15.25,15.63,55.02%,0.40876,0.00685,-0.71535,0.40029,0.08134,155.0,150.0,1.03,Call,01/23/24,56.06%
20240124,20240209,nflx,515.00,14.02,14.02,55.37%,0.37723,0.00666,-0.70238,0.39147,0.07525,181.0,97.0,1.87,Call,01/23/24,56.06%
20240124,20240209,nflx,520.00,12.48,12.48,55.50%,0.34647,0.00645,-0.68262,0.38026,0.06928,71.0,51.0,1.39,Call,01/23/24,56.06%
20240124,20240209,nflx,467.50,11.87,12.1,56.64%,-0.30501,0.00601,-0.61776,0.3609,-0.06313,114.0,2.0,57.0,Put,01/23/24,56.06%
20240124,20240209,nflx,470.00,13.0,13.0,56.67%,-0.32105,0.00615,-0.63129,0.36895,-0.0664,172.0,56.0,3.07,Put,01/23/24,56.06%
20240124,20240209,nflx,472.50,14.25,13.98,56.79%,-0.33748,0.00626,-0.64481,0.37643,-0.06975,41.0,0.0,0.0,Put,01/23/24,56.06%
20240124,20240209,nflx,475.00,14.95,14.95,56.79%,-0.3539,0.00637,-0.65565,0.38314,-0.07303,93.0,84.0,1.11,Put,01/23/24,56.06%
20240124,20240209,nflx,477.50,19.65,16.03,56.94%,-0.37076,0.00646,-0.66726,0.38922,-0.07602,3.0,2.0,1.5,Put,01/23/24,56.06%
20240124,20240209,nflx,480.00,17.3,17.3,57.48%,-0.38808,0.00649,-0.68253,0.3947,-0.07955,115.0,85.0,1.35,Put,01/23/24,56.06%
20240124,20240209,nflx,482.50,18.25,18.25,57.09%,-0.40444,0.00661,-0.68453,0.39913,-0.08278,9.0,22.0,0.41,Put,01/23/24,56.06%
20240124,20240209,nflx,485.00,19.4,19.4,57.10%,-0.42133,0.00667,-0.69033,0.40297,-0.08615,64.0,116.0,0.55,Put,01/23/24,56.06%
20240124,20240209,nflx,487.50,20.89,20.89,57.84%,-0.43846,0.00664,-0.7041,0.40608,-0.08961,126.0,7.0,18.0,Put,01/23/24,56.06%
20240124,20240209,nflx,490.00,21.95,21.95,57.41%,-0.45524,0.00672,-0.70172,0.40839,-0.09288,230.0,100.0,2.3,Put,01/23/24,56.06%
20240124,20240209,nflx,492.50,23.15,23.15,57.22%,-0.47222,0.00677,-0.70112,0.40997,-0.09599,7.0,9.0,0.78,Put,01/23/24,56.06%
20240124,20240209,nflx,495.00,24.7,24.7,57.79%,-0.48877,0.00672,-0.70874,0.4108,-0.0993,29.0,74.0,0.39,Put,01/23/24,56.06%
20240124,20240209,nflx,497.50,25.8,25.8,57.15%,-0.50618,0.0068,-0.6999,0.41081,-0.10144,20.0,0.0,0.0,Put,01/23/24,56.06%
20240124,20240209,nflx,500.00,27.29,27.29,57.36%,-0.52277,0.00677,-0.70057,0.41014,-0.10405,142.0,30.0,4.73,Put,01/23/24,56.06%
20240124,20240209,nflx,502.50,0.0,28.8,57.53%,-0.53916,0.00673,-0.6993,0.40881,-0.10697,0.0,0.0,0.0,Put,,56.06%
20240124,20240209,nflx,505.00,31.21,31.21,59.80%,-0.55161,0.00645,-0.72472,0.40735,-0.10974,100.0,0.0,0.0,Put,01/23/24,56.06%
20240124,20240209,nflx,507.50,0.0,32.08,58.19%,-0.57044,0.00658,-0.69771,0.40438,-0.11297,0.0,0.0,0.0,Put,,56.06%
20240124,20240209,nflx,510.00,33.67,33.67,58.28%,-0.58622,0.00653,-0.6921,0.40111,-0.11521,4.0,0.0,0.0,Put,01/23/24,56.06%
20240124,20240209,nflx,515.00,37.55,37.55,59.92%,-0.61284,0.00624,-0.69802,0.3942,-0.12036,2.0,0.0,0.0,Put,01/23/24,56.06%
20240124,20240209,nflx,520.00,57.1,40.53,58.91%,-0.6454,0.00617,-0.66345,0.3831,-0.12538,0.0,6.0,0.0,Put,01/03/24,56.06%
20240124,20240209,enph,102.00,14.6,13.93,93.48%,0.71079,0.0157,-0.24222,0.07966,0.02858,2.0,4.0,0.5,Call,01/23/24,92.05%
20240124,20240209,enph,103.00,12.8,13.3,93.53%,0.69345,0.01611,-0.24844,0.08181,0.028,8.0,5.0,1.6,Call,01/23/24,92.05%
20240124,20240209,enph,104.00,12.3,12.65,93.07%,0.67639,0.01657,-0.25263,0.08372,0.02746,3.0,5.0,0.6,Call,01/23/24,92.05%
20240124,20240209,enph,105.00,7.29,12.05,92.98%,0.65862,0.01694,-0.25742,0.08551,0.02685,0.0,30.0,0.0,Call,01/19/24,92.05%
20240124,20240209,enph,106.00,11.87,11.5,93.25%,0.6404,0.01721,-0.26268,0.08714,0.0262,36.0,92.0,0.39,Call,01/23/24,92.05%
20240124,20240209,enph,107.00,9.95,10.95,93.31%,0.62224,0.01748,-0.26674,0.08856,0.02556,5.0,24.0,0.21,Call,01/23/24,92.05%
20240124,20240209,enph,108.00,8.91,10.4,93.14%,0.60405,0.01776,-0.26963,0.08978,0.02491,13.0,30.0,0.43,Call,01/23/24,92.05%
20240124,20240209,enph,109.00,8.77,9.85,92.78%,0.58577,0.01803,-0.27135,0.0908,0.02426,6.0,50.0,0.12,Call,01/23/24,92.05%
20240124,20240209,enph,110.00,9.33,9.33,92.54%,0.56733,0.01824,-0.27286,0.09163,0.02359,80.0,264.0,0.3,Call,01/23/24,92.05%
20240124,20240209,enph,111.00,8.9,8.9,93.08%,0.54906,0.01826,-0.27598,0.09226,0.02289,10.0,24.0,0.42,Call,01/23/24,92.05%
20240124,20240209,enph,112.00,8.31,8.31,91.69%,0.53009,0.01862,-0.27301,0.0927,0.02222,21.0,97.0,0.22,Call,01/23/24,92.05%
20240124,20240209,enph,113.00,8.43,7.95,92.59%,0.51227,0.01848,-0.27602,0.09292,0.02151,22.0,32.0,0.69,Call,01/23/24,92.05%
20240124,20240209,enph,114.00,7.77,7.53,92.59%,0.49414,0.01849,-0.27589,0.09295,0.02081,33.0,8.0,4.13,Call,01/23/24,92.05%
20240124,20240209,enph,115.00,7.0,7.0,91.33%,0.47479,0.01871,-0.27148,0.09277,0.0201,61.0,119.0,0.51,Call,01/23/24,92.05%
20240124,20240209,enph,116.00,7.4,6.7,92.30%,0.45805,0.01845,-0.27312,0.09245,0.01941,3.0,64.0,0.05,Call,01/23/24,92.05%
20240124,20240209,enph,117.00,5.95,6.35,92.56%,0.44084,0.0183,-0.27215,0.09194,0.01873,20.0,32.0,0.63,Call,01/23/24,92.05%
20240124,20240209,enph,118.00,5.97,5.97,92.30%,0.42316,0.01821,-0.26916,0.09123,0.01803,8.0,43.0,0.19,Call,01/23/24,92.05%
20240124,20240209,enph,119.00,6.99,5.62,92.25%,0.40605,0.01804,-0.26631,0.09037,0.01735,8.0,132.0,0.06,Call,01/23/24,92.05%
20240124,20240209,enph,120.00,5.14,5.28,91.97%,0.38878,0.01789,-0.26227,0.08932,0.01666,68.0,154.0,0.44,Call,01/23/24,92.05%
20240124,20240209,enph,121.00,5.91,4.98,92.07%,0.37258,0.01764,-0.25904,0.08818,0.016,5.0,66.0,0.08,Call,01/23/24,92.05%
20240124,20240209,enph,102.00,5.0,4.35,92.90%,-0.28905,0.01581,-0.22644,0.07964,-0.0143,6.0,16.0,0.38,Put,01/23/24,92.05%
20240124,20240209,enph,103.00,4.59,4.68,92.38%,-0.30583,0.01631,-0.23087,0.08172,-0.01513,41.0,26.0,1.58,Put,01/23/24,92.05%
20240124,20240209,enph,104.00,5.07,5.07,92.50%,-0.32372,0.0167,-0.23669,0.08373,-0.01598,8.0,19.0,0.42,Put,01/23/24,92.05%
20240124,20240209,enph,105.00,5.55,5.43,91.92%,-0.34121,0.01716,-0.23995,0.08549,-0.01682,43.0,112.0,0.38,Put,01/23/24,92.05%
20240124,20240209,enph,106.00,6.45,5.85,91.94%,-0.3595,0.01748,-0.24442,0.08713,-0.01772,17.0,38.0,0.45,Put,01/23/24,92.05%
20240124,20240209,enph,107.00,7.08,6.3,92.03%,-0.37797,0.01776,-0.2485,0.08857,-0.01864,4.0,29.0,0.14,Put,01/23/24,92.05%
20240124,20240209,enph,108.00,7.0,6.75,91.90%,-0.39645,0.01803,-0.25138,0.0898,-0.01956,9.0,18.0,0.5,Put,01/23/24,92.05%
20240124,20240209,enph,109.00,7.5,7.23,91.83%,-0.41509,0.01826,-0.25389,0.09083,-0.02037,17.0,552.0,0.03,Put,01/23/24,92.05%
20240124,20240209,enph,110.00,8.3,7.7,91.57%,-0.43377,0.01848,-0.2552,0.09166,-0.02126,8.0,180.0,0.04,Put,01/23/24,92.05%
20240124,20240209,enph,111.00,8.5,8.25,91.91%,-0.45237,0.01854,-0.25767,0.09228,-0.02212,17.0,15.0,1.13,Put,01/23/24,92.05%
20240124,20240209,enph,112.00,9.1,8.75,91.51%,-0.47117,0.01871,-0.25743,0.09269,-0.02293,11.0,32.0,0.34,Put,01/23/24,92.05%
20240124,20240209,enph,113.00,8.95,9.3,91.45%,-0.48974,0.01877,-0.25756,0.09291,-0.02383,8.0,9.0,0.89,Put,01/23/24,92.05%
20240124,20240209,enph,114.00,10.25,9.88,91.46%,-0.50815,0.01877,-0.25734,0.09292,-0.02471,7.0,28.0,0.25,Put,01/23/24,92.05%
20240124,20240209,enph,115.00,10.9,10.45,91.28%,-0.52658,0.01877,-0.25599,0.09273,-0.0256,1.0,45.0,0.02,Put,01/23/24,92.05%
20240124,20240209,enph,116.00,9.95,11.05,91.18%,-0.5448,0.01872,-0.25434,0.09235,-0.02639,6.0,14.0,0.43,Put,01/23/24,92.05%
20240124,20240209,enph,117.00,13.04,11.68,91.16%,-0.56266,0.01861,-0.25241,0.09179,-0.02725,1.0,9.0,0.11,Put,01/23/24,92.05%
20240124,20240209,enph,118.00,17.66,12.33,91.24%,-0.58015,0.02098,-0.25027,0.09104,-0.02795,0.0,9.0,0.0,Put,01/19/24,92.05%
20240124,20240209,enph,119.00,15.75,12.97,91.13%,-0.59765,0.01829,-0.24709,0.09012,-0.02871,0.0,16.0,0.0,Put,01/18/24,92.05%
20240124,20240209,enph,120.00,14.1,13.65,91.12%,-0.61462,0.01808,-0.24376,0.08906,-0.02951,12.0,48.0,0.25,Put,01/23/24,92.05%
20240124,20240209,enph,121.00,14.1,14.33,90.93%,-0.63177,0.01787,-0.23948,0.08778,-0.0299,6.0,12.0,0.5,Put,01/23/24,92.05%
20240124,20240126,pltr,12.50,6.04,4.85,213.48%,0.98415,0.01449,-0.02898,0.00051,0.00067,0,11,0.0,Call,12/18/23,61.72%
20240124,20240126,pltr,13.00,3.68,4.35,190.71%,0.98253,0.01763,-0.02826,0.00055,0.0007,0,37,0.0,Call,01/19/24,61.72%
20240124,20240126,pltr,13.50,3.77,3.85,168.61%,0.98057,0.02183,-0.02747,0.00061,0.00072,10,50,0.2,Call,01/23/24,61.72%
20240124,20240126,pltr,14.00,3.34,3.34,127.29%,0.98968,0.01677,-0.01321,0.00035,0.00076,21,232,0.09,Call,01/23/24,61.72%
20240124,20240126,pltr,14.50,2.79,2.87,146.53%,0.9555,0.04996,-0.04615,0.00121,0.00075,2,951,0.0,Call,01/23/24,61.72%
20240124,20240126,pltr,15.00,2.3,2.36,119.63%,0.95334,0.06357,-0.03952,0.00125,0.00078,73,600,0.12,Call,01/23/24,61.72%
20240124,20240126,pltr,15.50,1.84,1.84,71.64%,0.98367,0.04429,-0.01158,0.00052,0.00083,73,495,0.15,Call,01/23/24,61.72%
20240124,20240126,pltr,16.00,1.37,1.37,77.54%,0.92293,0.14526,-0.03808,0.00185,0.0008,"1,969","3,938",0.5,Call,01/23/24,61.72%
20240124,20240126,pltr,16.50,0.92,0.92,71.69%,0.83072,0.27443,-0.05999,0.00324,0.00074,918,"3,692",0.25,Call,01/23/24,61.72%
20240124,20240126,pltr,17.00,0.52,0.52,64.23%,0.66799,0.44068,-0.07639,0.00466,0.00061,"1,765","7,298",0.24,Call,01/23/24,61.72%
20240124,20240126,pltr,17.50,0.24,0.24,61.39%,0.42634,0.49802,-0.07824,0.00503,0.00039,"10,966","7,532",1.46,Call,01/23/24,61.72%
20240124,20240126,pltr,18.00,0.11,0.11,66.21%,0.22855,0.35627,-0.06481,0.00388,0.00021,"15,975","15,341",1.04,Call,01/23/24,61.72%
20240124,20240126,pltr,18.50,0.05,0.05,71.47%,0.11447,0.211,-0.04463,0.00248,0.00011,"6,707","12,220",0.55,Call,01/23/24,61.72%
20240124,20240126,pltr,19.00,0.03,0.03,81.12%,0.06716,0.12494,-0.034,0.00167,6e-05,"9,371","24,166",0.39,Call,01/23/24,61.72%
20240124,20240126,pltr,19.50,0.02,0.02,90.85%,0.04305,0.07845,-0.02676,0.00117,4e-05,827,"17,781",0.05,Call,01/23/24,61.72%
20240124,20240126,pltr,20.00,0.01,0.01,94.76%,0.02257,0.04409,-0.01636,0.00069,2e-05,"2,092","21,687",0.1,Call,01/23/24,61.72%
20240124,20240126,pltr,20.50,0.01,0.01,108.29%,0.0201,0.03498,-0.01694,0.00062,2e-05,363,"5,134",0.07,Call,01/23/24,61.72%
20240124,20240126,pltr,21.00,0.01,0.01,121.24%,0.01823,0.02875,-0.01744,0.00057,2e-05,234,"1,822",0.13,Call,01/23/24,61.72%
20240124,20240126,pltr,21.50,0.01,0.0,0.00%,0.0,0.0,0.0,0.0,0.0,0,"1,281",0.0,Call,01/19/24,61.72%
20240124,20240126,pltr,22.00,0.01,0.01,145.66%,0.01554,0.02088,-0.01828,0.0005,1e-05,112,"3,039",0.04,Call,01/23/24,61.72%
20240124,20240126,pltr,12.50,0.01,0.0,0.00%,0.0,0.0,0.0,0.0,0.0,0,279,0.0,Put,01/19/24,61.72%
20240124,20240126,pltr,13.00,0.01,0.01,177.72%,-0.01213,0.01382,-0.01795,0.00041,-1e-05,1,251,0.0,Put,01/23/24,61.72%
20240124,20240126,pltr,13.50,0.01,0.0,0.00%,0.0,0.0,0.0,0.0,0.0,0,551,0.0,Put,01/19/24,61.72%
20240124,20240126,pltr,14.00,0.01,0.01,136.94%,-0.01546,0.02211,-0.01703,0.0005,-1e-05,3,"1,458",0.0,Put,01/23/24,61.72%
20240124,20240126,pltr,14.50,0.01,0.01,117.23%,-0.01783,0.02918,-0.01647,0.00056,-2e-05,27,"2,290",0.01,Put,01/23/24,61.72%
20240124,20240126,pltr,15.00,0.01,0.01,97.86%,-0.02102,0.04021,-0.0158,0.00065,-2e-05,703,"3,113",0.23,Put,01/23/24,61.72%
20240124,20240126,pltr,15.50,0.02,0.02,89.14%,-0.04196,0.07832,-0.02551,0.00115,-4e-05,338,"5,063",0.07,Put,01/23/24,61.72%
20240124,20240126,pltr,16.00,0.02,0.02,68.10%,-0.05319,0.124,-0.02353,0.00139,-5e-05,979,"5,872",0.17,Put,01/23/24,61.72%
20240124,20240126,pltr,16.50,0.06,0.06,63.45%,-0.14136,0.27533,-0.04525,0.00287,-0.00013,"3,078","4,810",0.64,Put,01/23/24,61.72%
20240124,20240126,pltr,17.00,0.17,0.17,60.95%,-0.32478,0.46053,-0.06957,0.00462,-0.00029,"10,860","7,227",1.5,Put,01/23/24,61.72%
20240124,20240126,pltr,17.50,0.4,0.4,60.33%,-0.57586,0.50685,-0.07448,0.00502,-0.00049,"4,136","5,177",0.8,Put,01/23/24,61.72%
20240124,20240126,pltr,18.00,0.75,0.75,59.39%,-0.79912,0.3926,-0.05179,0.0036,-0.00062,"1,305","5,299",0.25,Put,01/23/24,61.72%
20240124,20240126,pltr,18.50,1.26,1.2,64.47%,-0.91144,0.2182,-0.03148,0.00206,-0.00062,208,"1,300",0.16,Put,01/23/24,61.72%
20240124,20240126,pltr,19.00,1.68,1.68,69.01%,-0.96367,0.09177,-0.01613,0.00102,-0.00053,101,776,0.13,Put,01/23/24,61.72%
20240124,20240126,pltr,19.50,2.22,2.22,112.37%,-0.9161,0.10753,-0.05368,0.00198,-0.00067,75,194,0.39,Put,01/23/24,61.72%
20240124,20240126,pltr,20.00,2.73,2.73,135.36%,-0.91653,0.08885,-0.06471,0.00197,-0.0007,31,"3,089",0.01,Put,01/23/24,61.72%
20240124,20240126,pltr,20.50,3.15,3.2,133.31%,-0.95156,0.05933,-0.04118,0.00129,-0.00065,12,18,0.67,Put,01/23/24,61.72%
20240124,20240126,pltr,21.00,3.65,3.7,148.30%,-0.95564,0.04969,-0.04272,0.0012,-0.00066,51,2,25.5,Put,01/23/24,61.72%
20240124,20240126,pltr,21.50,4.39,4.17,129.88%,-0.98735,0.02013,-0.01227,0.00042,-0.00045,0,6,0.0,Put,01/12/24,61.72%
20240124,20240126,pltr,22.00,4.55,4.7,176.45%,-0.96156,0.03719,-0.04531,0.00107,-0.00068,15,1,15.0,Put,01/23/24,61.72%
20240124,20240202,amd,148.00,21.55,21.55,68.73%,0.89685,0.00988,-0.20019,0.04748,0.03193,20,"1,203",0.02,Call,01/23/24,69.26%
20240124,20240202,amd,149.00,20.8,20.8,70.99%,0.87832,0.01076,-0.22928,0.05343,0.03135,8,950,0.01,Call,01/23/24,69.26%
20240124,20240202,amd,150.00,19.8,19.8,68.24%,0.87427,0.01145,-0.22587,0.05467,0.03143,148,"2,467",0.06,Call,01/23/24,69.26%
20240124,20240202,amd,152.50,17.8,17.8,69.43%,0.83584,0.01348,-0.27034,0.06543,0.03032,103,"1,243",0.08,Call,01/23/24,69.26%
20240124,20240202,amd,155.00,15.75,15.75,68.25%,0.79974,0.01552,-0.29834,0.0741,0.02933,117,"3,238",0.04,Call,01/23/24,69.26%
20240124,20240202,amd,157.50,14.1,13.9,68.37%,0.75504,0.01739,-0.33228,0.08313,0.02793,529,"1,359",0.39,Call,01/23/24,69.26%
20240124,20240202,amd,160.00,12.2,12.2,68.75%,0.70586,0.01896,-0.3636,0.09112,0.02631,424,"4,178",0.1,Call,01/23/24,69.26%
20240124,20240202,amd,162.50,10.5,10.63,69.00%,0.65417,0.02021,-0.3884,0.09752,0.02455,610,"1,573",0.39,Call,01/23/24,69.26%
20240124,20240202,amd,165.00,9.2,9.2,69.38%,0.60059,0.02105,-0.40708,0.10213,0.02267,"1,663","6,449",0.26,Call,01/23/24,69.26%
20240124,20240202,amd,167.50,7.9,7.9,69.61%,0.54649,0.02153,-0.41754,0.10478,0.02075,"2,592","3,541",0.73,Call,01/23/24,69.26%
20240124,20240202,amd,170.00,6.7,6.7,69.50%,0.49244,0.0217,-0.41843,0.10548,0.0188,"10,177","12,699",0.8,Call,01/23/24,69.26%
20240124,20240202,amd,172.50,5.85,5.75,70.51%,0.44078,0.02116,-0.41873,0.10434,0.01689,983,"2,114",0.46,Call,01/23/24,69.26%
20240124,20240202,amd,175.00,4.86,4.86,70.91%,0.39098,0.02048,-0.40892,0.10154,0.01504,"7,554","9,522",0.79,Call,01/23/24,69.26%
20240124,20240202,amd,177.50,4.14,4.14,71.87%,0.34558,0.0194,-0.39719,0.0975,0.01333,652,"1,595",0.41,Call,01/23/24,69.26%
20240124,20240202,amd,180.00,3.45,3.45,72.07%,0.30172,0.01829,-0.37602,0.09219,0.01168,"3,253","4,790",0.68,Call,01/23/24,69.26%
20240124,20240202,amd,182.50,3.01,2.93,73.16%,0.26433,0.01691,-0.35771,0.08651,0.01025,586,996,0.59,Call,01/23/24,69.26%
20240124,20240202,amd,185.00,2.47,2.47,73.93%,0.22978,0.01552,-0.33494,0.08026,0.00893,"2,507","5,275",0.48,Call,01/23/24,69.26%
20240124,20240202,amd,187.50,2.14,2.14,75.57%,0.20211,0.0141,-0.31745,0.07451,0.00787,455,864,0.53,Call,01/23/24,69.26%
20240124,20240202,amd,190.00,1.81,1.81,76.47%,0.17536,0.01276,-0.29404,0.06826,0.00684,"2,969","3,554",0.84,Call,01/23/24,69.26%
20240124,20240202,amd,192.50,1.49,1.49,76.71%,0.14954,0.01147,-0.26571,0.06154,0.00584,677,96,7.05,Call,01/23/24,69.26%
20240124,20240202,amd,148.00,0.98,0.98,69.62%,-0.10602,0.00995,-0.18476,0.04843,-0.00429,196,"1,035",0.19,Put,01/23/24,69.26%
20240124,20240202,amd,149.00,1.05,1.05,68.38%,-0.11393,0.01067,-0.191,0.051,-0.0046,130,454,0.29,Put,01/23/24,69.26%
20240124,20240202,amd,150.00,1.2,1.2,68.51%,-0.12682,0.01148,-0.20628,0.05499,-0.00512,"1,955","3,229",0.61,Put,01/23/24,69.26%
20240124,20240202,amd,152.50,1.59,1.59,68.00%,-0.15999,0.01354,-0.23925,0.06434,-0.00644,784,943,0.83,Put,01/23/24,69.26%
20240124,20240202,amd,155.00,2.08,2.08,67.57%,-0.19857,0.01561,-0.27201,0.07372,-0.00798,"1,221","2,528",0.48,Put,01/23/24,69.26%
20240124,20240202,amd,157.50,2.68,2.74,67.84%,-0.24402,0.0175,-0.30688,0.08296,-0.00978,398,"1,252",0.32,Put,01/23/24,69.26%
20240124,20240202,amd,160.00,3.5,3.5,67.90%,-0.29287,0.01917,-0.33613,0.09094,-0.01168,"1,616","2,689",0.6,Put,01/23/24,69.26%
20240124,20240202,amd,162.50,4.39,4.45,68.49%,-0.34574,0.02039,-0.36287,0.09751,-0.01373,838,"1,082",0.77,Put,01/23/24,69.26%
20240124,20240202,amd,165.00,5.45,5.45,68.16%,-0.39923,0.02146,-0.37733,0.10211,-0.01579,"1,480","1,498",0.99,Put,01/23/24,69.26%
20240124,20240202,amd,167.50,6.65,6.65,68.44%,-0.45444,0.02194,-0.3879,0.1048,-0.0178,"3,142",878,3.58,Put,01/23/24,69.26%
20240124,20240202,amd,170.00,8.07,8.07,69.48%,-0.50875,0.02176,-0.39532,0.10545,-0.01975,"1,654","1,490",1.11,Put,01/23/24,69.26%
20240124,20240202,amd,172.50,9.45,9.58,70.05%,-0.56117,0.02134,-0.39282,0.10423,-0.02169,177,872,0.2,Put,01/23/24,69.26%
20240124,20240202,amd,175.00,11.1,11.23,70.83%,-0.61061,0.02054,-0.38511,0.10139,-0.02344,71,341,0.21,Put,01/23/24,69.26%
20240124,20240202,amd,177.50,13.04,12.93,70.96%,-0.65859,0.01964,-0.36776,0.09699,-0.02462,44,256,0.17,Put,01/23/24,69.26%
20240124,20240202,amd,180.00,14.85,14.85,72.34%,-0.69939,0.01829,-0.35429,0.09196,-0.02584,52,244,0.21,Put,01/23/24,69.26%
20240124,20240202,amd,182.50,16.35,17.3,78.74%,-0.71988,0.01625,-0.37337,0.08897,-0.02678,1,230,0.0,Put,01/23/24,69.26%
20240124,20240202,amd,185.00,18.5,18.5,69.47%,-0.78901,0.01586,-0.27812,0.07633,-0.02782,6,57,0.11,Put,01/23/24,69.26%
20240124,20240202,amd,187.50,23.95,21.05,75.97%,-0.79885,0.0141,-0.29637,0.0742,-0.02841,0,6,0.0,Put,01/18/24,69.26%
20240124,20240202,amd,190.00,22.9,23.38,79.13%,-0.81779,0.01275,-0.28988,0.06983,-0.02883,9,68,0.13,Put,01/23/24,69.26%
20240124,20240202,amd,192.50,26.4,26.4,91.92%,-0.80295,0.0115,-0.35686,0.07329,-0.02938,1,5,0.2,Put,01/23/24,69.26%
20240124,20240126,amd,148.00,20.55,20.55,87.48%,0.97895,0.00463,-0.15895,0.0063,0.00791,79,682,0.12,Call,01/23/24,59.85%
20240124,20240126,amd,149.00,19.45,20.7,151.77%,0.87481,0.01089,-0.99329,0.02569,0.00694,85,709,0.12,Call,01/23/24,59.85%
20240124,20240126,amd,150.00,18.5,18.5,70.09%,0.9882,0.00352,-0.08885,0.00384,0.00811,626,"3,931",0.16,Call,01/23/24,59.85%
20240124,20240126,amd,152.50,16.04,16.04,68.42%,0.97678,0.00644,-0.13883,0.00685,0.00814,278,"1,460",0.19,Call,01/23/24,59.85%
20240124,20240126,amd,155.00,13.65,13.65,69.52%,0.95,0.0119,-0.24487,0.01286,0.00802,"1,049","5,852",0.18,Call,01/23/24,59.85%
20240124,20240126,amd,157.50,11.35,11.35,69.97%,0.90757,0.01899,-0.38187,0.02065,0.00775,826,"2,357",0.35,Call,01/23/24,59.85%
20240124,20240126,amd,160.00,9.15,9.15,68.93%,0.85002,0.02713,-0.52045,0.02907,0.00734,"3,367","13,148",0.26,Call,01/23/24,59.85%
20240124,20240126,amd,162.50,6.94,6.83,59.81%,0.79871,0.03769,-0.54259,0.03504,0.007,"3,267","4,835",0.68,Call,01/23/24,59.85%
20240124,20240126,amd,165.00,4.97,4.97,59.20%,0.69035,0.04779,-0.66681,0.04396,0.0061,"14,524","9,119",1.59,Call,01/23/24,59.85%
20240124,20240126,amd,167.50,3.5,3.5,60.31%,0.56024,0.05246,-0.75457,0.04917,0.00498,"24,201","10,336",2.34,Call,01/23/24,59.85%
20240124,20240126,amd,170.00,2.32,2.32,60.53%,0.42877,0.05203,-0.75076,0.04894,0.00383,"91,589","33,435",2.74,Call,01/23/24,59.85%
20240124,20240126,amd,172.50,1.5,1.52,62.22%,0.31191,0.04561,-0.69337,0.0441,0.0028,"34,735","19,791",1.76,Call,01/23/24,59.85%
20240124,20240126,amd,175.00,0.98,0.98,64.20%,0.2187,0.03687,-0.59571,0.03679,0.00197,"47,291","26,192",1.81,Call,01/23/24,59.85%
20240124,20240126,amd,177.50,0.64,0.64,66.82%,0.15126,0.02814,-0.49196,0.02923,0.00136,"12,470","8,336",1.5,Call,01/23/24,59.85%
20240124,20240126,amd,180.00,0.42,0.42,69.53%,0.10372,0.02079,-0.3931,0.02247,0.00093,"16,885","18,929",0.89,Call,01/23/24,59.85%
20240124,20240126,amd,182.50,0.29,0.29,72.98%,0.07301,0.01524,-0.31722,0.01729,0.00066,"5,648","6,709",0.84,Call,01/23/24,59.85%
20240124,20240126,amd,185.00,0.22,0.22,77.62%,0.05475,0.01145,-0.26948,0.01382,0.00049,"13,923","10,194",1.37,Call,01/23/24,59.85%
20240124,20240126,amd,187.50,0.16,0.16,81.19%,0.03999,0.00851,-0.21901,0.01074,0.00036,"3,015","5,120",0.59,Call,01/23/24,59.85%
20240124,20240126,amd,190.00,0.13,0.13,86.06%,0.03172,0.00664,-0.19192,0.00889,0.00029,"6,056","7,379",0.82,Call,01/23/24,59.85%
20240124,20240126,amd,192.50,0.09,0.09,88.33%,0.02241,0.00484,-0.14732,0.00665,0.0002,"1,448","2,937",0.49,Call,01/23/24,59.85%
20240124,20240126,amd,148.00,0.04,0.04,78.15%,-0.01168,0.00313,-0.07407,0.00381,-0.0001,200,"1,927",0.1,Put,01/23/24,59.85%
20240124,20240126,amd,149.00,0.04,0.04,74.59%,-0.01219,0.0034,-0.07335,0.00395,-0.00011,384,"2,044",0.19,Put,01/23/24,59.85%
20240124,20240126,amd,150.00,0.05,0.05,73.30%,-0.01513,0.00417,-0.08682,0.00476,-0.00013,"6,822","9,992",0.68,Put,01/23/24,59.85%
20240124,20240126,amd,152.50,0.08,0.08,69.06%,-0.02424,0.00661,-0.12205,0.0071,-0.00021,"3,114","5,962",0.52,Put,01/23/24,59.85%
20240124,20240126,amd,155.00,0.12,0.12,63.88%,-0.03709,0.01017,-0.16047,0.0101,-0.00033,"9,771","11,605",0.84,Put,01/23/24,59.85%
20240124,20240126,amd,157.50,0.23,0.23,61.61%,-0.06699,0.0169,-0.2477,0.01618,-0.00059,"6,821","7,248",0.94,Put,01/23/24,59.85%
20240124,20240126,amd,160.00,0.44,0.44,59.88%,-0.11795,0.02648,-0.36611,0.02464,-0.00103,"31,543","21,618",1.46,Put,01/23/24,59.85%
20240124,20240126,amd,162.50,0.82,0.82,58.71%,-0.19733,0.03796,-0.50362,0.03462,-0.00171,"15,397","7,548",2.04,Put,01/23/24,59.85%
20240124,20240126,amd,165.00,1.47,1.47,58.44%,-0.30789,0.04831,-0.63359,0.04385,-0.00263,"41,368","8,954",4.62,Put,01/23/24,59.85%
20240124,20240126,amd,167.50,2.45,2.45,58.61%,-0.43899,0.05401,-0.71032,0.04915,-0.00369,"28,758","8,559",3.36,Put,01/23/24,59.85%
20240124,20240126,amd,170.00,3.74,3.82,59.93%,-0.57273,0.05258,-0.72009,0.0489,-0.00473,"7,970","8,955",0.89,Put,01/23/24,59.85%
20240124,20240126,amd,172.50,5.45,5.45,59.81%,-0.69651,0.04698,-0.63665,0.04356,-0.00554,"2,829","4,861",0.58,Put,01/23/24,59.85%
20240124,20240126,amd,175.00,7.3,7.48,63.06%,-0.78669,0.03713,-0.55536,0.03625,-0.00604,"1,606","2,250",0.71,Put,01/23/24,59.85%
20240124,20240126,amd,177.50,9.43,9.65,65.84%,-0.85374,0.02884,-0.4536,0.02856,-0.00618,186,700,0.27,Put,01/23/24,59.85%
20240124,20240126,amd,180.00,11.8,11.8,61.48%,-0.92576,0.01854,-0.25299,0.01747,-0.00583,759,686,1.11,Put,01/23/24,59.85%
20240124,20240126,amd,182.50,14.25,14.25,67.70%,-0.9436,0.01363,-0.22345,0.01411,-0.00578,119,238,0.5,Put,01/23/24,59.85%
20240124,20240126,amd,185.00,16.81,16.81,80.87%,-0.93893,0.01211,-0.28793,0.01502,-0.00594,12,426,0.03,Put,01/23/24,59.85%
20240124,20240126,amd,187.50,19.35,19.35,92.50%,-0.9382,0.01068,-0.33459,0.01517,-0.00606,5,106,0.05,Put,01/23/24,59.85%
20240124,20240126,amd,190.00,21.55,22.0,110.62%,-0.92426,0.01041,-0.47378,0.01776,-0.00656,68,112,0.61,Put,01/23/24,59.85%
20240124,20240126,amd,192.50,24.5,24.5,119.62%,-0.92895,0.00917,-0.48819,0.01692,-0.00663,33,26,1.27,Put,01/23/24,59.85%
20240124,20240209,nvda,575.00,31.25,33.08,36.38%,0.7256,0.00731,-0.53332,0.4178,0.17594,101,454,0.22,Call,01/23/24,36.10%
20240124,20240209,nvda,577.50,31.86,31.86,37.55%,0.70131,0.00737,-0.56675,0.43497,0.1701,251,0,0.0,Call,01/23/24,36.10%
20240124,20240209,nvda,580.00,29.9,29.9,36.87%,0.68458,0.00769,-0.56846,0.44554,0.16657,429,927,0.46,Call,01/23/24,36.10%
20240124,20240209,nvda,582.50,26.5,26.5,32.92%,0.67975,0.00867,-0.51653,0.44841,0.16679,37,0,0.0,Call,01/23/24,36.10%
20240124,20240209,nvda,585.00,26.75,26.75,36.91%,0.64391,0.00806,-0.59099,0.46717,0.15728,564,742,0.76,Call,01/23/24,36.10%
20240124,20240209,nvda,587.50,23.9,23.9,34.08%,0.63067,0.00883,-0.55514,0.473,0.15505,23,0,0.0,Call,01/23/24,36.10%
20240124,20240209,nvda,590.00,23.8,23.8,36.93%,0.60206,0.00833,-0.60707,0.48361,0.14759,624,"1,074",0.58,Call,01/23/24,36.10%
20240124,20240209,nvda,592.50,22.27,22.27,36.67%,0.58119,0.0085,-0.60841,0.48968,0.14278,741,0,0.0,Call,01/23/24,36.10%
20240124,20240209,nvda,595.00,21.05,19.8,34.40%,0.56162,0.00914,-0.57705,0.49409,0.13872,630,593,1.06,Call,01/23/24,36.10%
20240124,20240209,nvda,597.50,19.8,19.48,36.36%,0.53808,0.00872,-0.60951,0.49779,0.13269,38,0,0.0,Call,01/23/24,36.10%
20240124,20240209,nvda,600.00,18.39,18.39,36.66%,0.51637,0.00867,-0.61471,0.49965,0.12747,"1,394","1,800",0.77,Call,01/23/24,36.10%
20240124,20240209,nvda,602.50,16.47,16.47,35.19%,0.49329,0.00904,-0.59041,0.5,0.12225,22,0,0.0,Call,01/23/24,36.10%
20240124,20240209,nvda,605.00,15.6,15.9,36.32%,0.47271,0.00874,-0.60498,0.4989,0.1171,402,975,0.41,Call,01/23/24,36.10%
20240124,20240209,nvda,607.50,14.35,14.8,36.27%,0.45107,0.00871,-0.5996,0.4963,0.1119,45,0,0.0,Call,01/23/24,36.10%
20240124,20240209,nvda,610.00,13.85,13.85,36.42%,0.43015,0.00861,-0.59579,0.49238,0.10683,391,"3,163",0.12,Call,01/23/24,36.10%
20240124,20240209,nvda,612.50,12.1,12.83,36.31%,0.40884,0.00854,-0.58628,0.48696,0.10168,49,0,0.0,Call,01/23/24,36.10%
20240124,20240209,nvda,615.00,11.8,11.8,36.10%,0.38733,0.00846,-0.57343,0.47999,0.09649,213,565,0.38,Call,01/23/24,36.10%
20240124,20240209,nvda,617.50,9.52,11.08,36.40%,0.36826,0.00826,-0.56801,0.47255,0.0918,51,0,0.0,Call,01/23/24,36.10%
20240124,20240209,nvda,620.00,10.38,10.38,36.68%,0.34977,0.00805,-0.56101,0.46418,0.08725,"1,572","1,245",1.26,Call,01/23/24,36.10%
20240124,20240209,nvda,622.50,9.48,9.48,36.42%,0.3292,0.00793,-0.54335,0.45351,0.08225,13,0,0.0,Call,01/23/24,36.10%
20240124,20240209,nvda,575.00,8.26,7.9,36.02%,-0.27414,0.00758,-0.44774,0.4175,-0.06705,154,266,0.58,Put,01/23/24,36.10%
20240124,20240209,nvda,577.50,9.25,8.35,35.27%,-0.29027,0.00777,-0.44955,0.42914,-0.07077,15,0,0.0,Put,01/23/24,36.10%
20240124,20240209,nvda,580.00,9.91,9.4,35.80%,-0.31289,0.00792,-0.47137,0.44389,-0.07619,131,364,0.36,Put,01/23/24,36.10%
20240124,20240209,nvda,582.50,12.09,9.77,34.70%,-0.32946,0.00835,-0.46532,0.45353,-0.08,57,0,0.0,Put,01/23/24,36.10%
20240124,20240209,nvda,585.00,11.92,11.08,35.53%,-0.35389,0.00838,-0.48904,0.46594,-0.08525,145,380,0.38,Put,01/23/24,36.10%
20240124,20240209,nvda,587.50,12.73,11.65,34.67%,-0.37327,0.00875,-0.48436,0.47438,-0.08948,58,0,0.0,Put,01/23/24,36.10%
20240124,20240209,nvda,590.00,13.26,13.26,35.88%,-0.39827,0.00862,-0.5105,0.48343,-0.095,402,414,0.97,Put,01/23/24,36.10%
20240124,20240209,nvda,592.50,14.84,13.73,34.59%,-0.41846,0.00906,-0.49603,0.48922,-0.09892,39,0,0.0,Put,01/23/24,36.10%
20240124,20240209,nvda,595.00,15.75,15.35,35.56%,-0.44227,0.00891,-0.51494,0.49444,-0.10423,222,276,0.8,Put,01/23/24,36.10%
20240124,20240209,nvda,597.50,16.5,16.5,35.45%,-0.46469,0.009,-0.51522,0.49773,-0.10922,30,0,0.0,Put,01/23/24,36.10%
20240124,20240209,nvda,600.00,18.0,18.0,35.93%,-0.48709,0.00891,-0.52297,0.49936,-0.11377,513,430,1.19,Put,01/23/24,36.10%
20240124,20240209,nvda,602.50,22.25,18.45,34.19%,-0.51127,0.00937,-0.49432,0.49942,-0.11859,9,0,0.0,Put,01/23/24,36.10%
20240124,20240209,nvda,605.00,21.5,19.93,34.39%,-0.53428,0.00929,-0.49417,0.49765,-0.12268,17,69,0.25,Put,01/23/24,36.10%
20240124,20240209,nvda,607.50,24.8,21.28,34.22%,-0.55768,0.00928,-0.48644,0.4942,-0.12705,3,0,0.0,Put,01/23/24,36.10%
20240124,20240209,nvda,610.00,28.8,23.05,34.81%,-0.5786,0.00905,-0.48909,0.48972,-0.1315,1,79,0.01,Put,01/23/24,36.10%
20240124,20240209,nvda,612.50,28.55,24.35,34.31%,-0.60287,0.00906,-0.4728,0.48239,-0.1338,12,0,0.0,Put,01/23/24,36.10%
20240124,20240209,nvda,615.00,30.95,26.4,35.25%,-0.62106,0.0087,-0.47894,0.47574,-0.13625,2,22,0.09,Put,01/23/24,36.10%
20240124,20240209,nvda,617.50,0.0,27.72,34.57%,-0.64531,0.00869,-0.45619,0.46543,-0.14054,0,0,0.0,Put,,36.10%
20240124,20240209,nvda,620.00,30.82,30.82,37.60%,-0.65108,0.00794,-0.4965,0.46268,-0.14238,24,29,0.83,Put,01/23/24,36.10%
20240124,20240209,nvda,622.50,0.0,32.6,37.74%,-0.66934,0.00775,-0.4862,0.45327,-0.14585,0,0,0.0,Put,,36.10%
20240124,20240202,pltr,12.50,0.0,4.85,82.82%,0.99516,0.00623,-0.00357,0.00038,0.00306,0,1,0.0,Call,,51.41%
20240124,20240202,pltr,13.00,3.79,4.38,98.53%,0.97405,0.02248,-0.01081,0.00164,0.00308,0,30,0.0,Call,01/19/24,51.41%
20240124,20240202,pltr,13.50,3.8,3.95,114.76%,0.93101,0.04251,-0.02482,0.00361,0.003,10,3,3.33,Call,01/23/24,51.41%
20240124,20240202,pltr,14.00,2.5,3.38,76.02%,0.96843,0.0343,-0.01012,0.00193,0.00331,0,127,0.0,Call,01/19/24,51.41%
20240124,20240202,pltr,14.50,2.8,2.98,94.93%,0.89963,0.06811,-0.0271,0.00479,0.00311,5,41,0.12,Call,01/23/24,51.41%
20240124,20240202,pltr,15.00,2.35,2.35,30.92%,0.99875,0.00489,-0.00238,0.00011,0.00369,59,328,0.18,Call,01/23/24,51.41%
20240124,20240202,pltr,15.50,1.85,1.96,64.35%,0.8786,0.11516,-0.02156,0.00549,0.00327,23,111,0.21,Call,01/23/24,51.41%
20240124,20240202,pltr,16.00,1.51,1.48,54.24%,0.84029,0.16465,-0.02184,0.00661,0.00323,60,805,0.07,Call,01/23/24,51.41%
20240124,20240202,pltr,16.50,1.09,1.09,53.38%,0.73995,0.22334,-0.02789,0.00883,0.00289,254,"1,288",0.2,Call,01/23/24,51.41%
20240124,20240202,pltr,17.00,0.74,0.74,50.81%,0.61691,0.27608,-0.03077,0.01039,0.00245,"1,876","3,340",0.56,Call,01/23/24,51.41%
20240124,20240202,pltr,17.50,0.5,0.5,52.35%,0.4754,0.27958,-0.03264,0.01084,0.00191,"2,661","3,901",0.68,Call,01/23/24,51.41%
20240124,20240202,pltr,18.00,0.32,0.32,53.15%,0.34564,0.25496,-0.03045,0.01003,0.0014,"3,632","7,821",0.46,Call,01/23/24,51.41%
20240124,20240202,pltr,18.50,0.19,0.19,53.14%,0.23405,0.21204,-0.0252,0.00834,0.00095,"1,796","3,076",0.58,Call,01/23/24,51.41%
20240124,20240202,pltr,19.00,0.13,0.13,56.74%,0.16516,0.16088,-0.02171,0.00676,0.00067,"3,990","3,859",1.03,Call,01/23/24,51.41%
20240124,20240202,pltr,19.50,0.07,0.07,56.12%,0.10028,0.11514,-0.01516,0.00479,0.00041,469,"2,458",0.19,Call,01/23/24,51.41%
20240124,20240202,pltr,20.00,0.06,0.06,62.42%,0.08082,0.08818,-0.01433,0.00408,0.00033,"3,257","12,638",0.26,Call,01/23/24,51.41%
20240124,20240202,pltr,20.50,0.03,0.03,61.04%,0.04541,0.05747,-0.00892,0.0026,0.00019,582,"5,463",0.11,Call,01/23/24,51.41%
20240124,20240202,pltr,21.00,0.03,0.03,67.98%,0.04149,0.04796,-0.00923,0.00242,0.00017,124,724,0.17,Call,01/23/24,51.41%
20240124,20240202,pltr,21.50,0.02,0.02,69.67%,0.02846,0.03433,-0.00693,0.00177,0.00012,18,183,0.1,Call,01/23/24,51.41%
20240124,20240202,pltr,22.00,0.02,0.02,75.76%,0.0265,0.02975,-0.0071,0.00167,0.00011,106,754,0.14,Call,01/23/24,51.41%
20240124,20240202,pltr,12.50,0.01,0.01,94.04%,-0.01089,0.01121,-0.00405,0.00078,-5e-05,11,96,0.11,Put,01/23/24,51.41%
20240124,20240202,pltr,13.00,0.01,0.01,84.03%,-0.0121,0.01375,-0.00397,0.00086,-5e-05,12,363,0.03,Put,01/23/24,51.41%
20240124,20240202,pltr,13.50,0.01,0.01,74.29%,-0.01357,0.01718,-0.00387,0.00095,-6e-05,14,309,0.05,Put,01/23/24,51.41%
20240124,20240202,pltr,14.00,0.02,0.02,72.28%,-0.02575,0.03045,-0.00648,0.00163,-0.00011,92,"2,029",0.05,Put,01/23/24,51.41%
20240124,20240202,pltr,14.50,0.03,0.03,67.00%,-0.0393,0.04659,-0.00851,0.00231,-0.00016,75,960,0.08,Put,01/23/24,51.41%
20240124,20240202,pltr,15.00,0.04,0.04,59.98%,-0.05558,0.06873,-0.01004,0.00305,-0.00023,300,"2,391",0.13,Put,01/23/24,51.41%
20240124,20240202,pltr,15.50,0.06,0.06,54.18%,-0.08559,0.10613,-0.01261,0.00426,-0.00035,772,"1,722",0.45,Put,01/23/24,51.41%
20240124,20240202,pltr,16.00,0.11,0.11,51.25%,-0.14749,0.16543,-0.01751,0.00627,-0.0006,"2,856","4,880",0.59,Put,01/23/24,51.41%
20240124,20240202,pltr,16.50,0.21,0.21,50.07%,-0.24881,0.23295,-0.0234,0.00863,-0.00101,"1,101","4,615",0.24,Put,01/23/24,51.41%
20240124,20240202,pltr,17.00,0.39,0.39,50.94%,-0.38438,0.27624,-0.02851,0.0104,-0.00153,"1,161","2,865",0.41,Put,01/23/24,51.41%
20240124,20240202,pltr,17.50,0.64,0.64,51.54%,-0.52711,0.28481,-0.02979,0.01083,-0.00205,420,"1,530",0.27,Put,01/23/24,51.41%
20240124,20240202,pltr,18.00,0.92,0.95,50.72%,-0.66521,0.26549,-0.02645,0.0099,-0.00247,"1,462","1,924",0.76,Put,01/23/24,51.41%
20240124,20240202,pltr,18.50,1.4,1.33,51.94%,-0.77499,0.21434,-0.02191,0.00815,-0.0027,113,938,0.12,Put,01/23/24,51.41%
20240124,20240202,pltr,19.00,1.76,1.76,53.52%,-0.85437,0.15945,-0.01681,0.0062,-0.00274,179,566,0.32,Put,01/23/24,51.41%
20240124,20240202,pltr,19.50,2.23,2.23,57.75%,-0.898,0.11569,-0.01391,0.00481,-0.00259,11,540,0.02,Put,01/23/24,51.41%
20240124,20240202,pltr,20.00,2.73,2.73,66.58%,-0.90895,0.09229,-0.01481,0.00443,-0.00265,7,256,0.03,Put,01/23/24,51.41%
20240124,20240202,pltr,20.50,3.05,3.22,73.69%,-0.92093,0.07509,-0.01472,0.00399,-0.00269,5,79,0.06,Put,01/23/24,51.41%
20240124,20240202,pltr,21.00,5.12,3.68,61.71%,-0.98028,0.02994,-0.00342,0.00126,-0.00149,0,50,0.0,Put,01/05/24,51.41%
20240124,20240202,pltr,21.50,5.17,4.18,67.98%,-0.9821,0.40188,-0.00355,0.00117,-0.00146,0,90,0.0,Put,01/04/24,51.41%
20240124,20240202,pltr,22.00,4.7,4.68,74.02%,-0.98462,0.01994,-0.00336,0.001,-0.00128,0,0,0.0,Put,12/29/23,51.41%
20240124,20240202,nvda,575.00,30.25,30.25,40.63%,0.75375,0.00825,-0.7301,0.29635,0.10382,468,836,0.56,Call,01/23/24,38.57%
20240124,20240202,nvda,577.50,24.4,27.85,38.68%,0.74096,0.0089,-0.71452,0.30437,0.10252,35,0,0.0,Call,01/23/24,38.57%
20240124,20240202,nvda,580.00,26.58,26.08,38.67%,0.71749,0.0093,-0.74139,0.31784,0.0995,874,"2,189",0.4,Call,01/23/24,38.57%
20240124,20240202,nvda,582.50,23.1,24.28,38.39%,0.6942,0.00972,-0.75998,0.32969,0.0965,197,0,0.0,Call,01/23/24,38.57%
20240124,20240202,nvda,585.00,22.98,22.98,39.42%,0.66528,0.00983,-0.80435,0.34239,0.09255,814,"1,159",0.7,Call,01/23/24,38.57%
20240124,20240202,nvda,587.50,20.2,21.23,38.90%,0.64132,0.01022,-0.81179,0.35127,0.08945,315,0,0.0,Call,01/23/24,38.57%
20240124,20240202,nvda,590.00,19.8,19.8,39.14%,0.61449,0.0104,-0.83219,0.3595,0.08584,"2,231","1,092",2.04,Call,01/23/24,38.57%
20240124,20240202,nvda,592.50,18.2,18.2,38.70%,0.58864,0.01069,-0.83498,0.36576,0.08242,903,0,0.0,Call,01/23/24,38.57%
20240124,20240202,nvda,595.00,17.15,16.9,38.91%,0.56129,0.01078,-0.84746,0.37062,0.0787,"4,758","1,445",3.29,Call,01/23/24,38.57%
20240124,20240202,nvda,597.50,15.7,15.7,39.19%,0.53404,0.01079,-0.85784,0.37369,0.07497,994,0,0.0,Call,01/23/24,38.57%
20240124,20240202,nvda,600.00,14.28,14.28,38.71%,0.5068,0.01096,-0.84844,0.375,0.0713,"5,061","4,584",1.1,Call,01/23/24,38.57%
20240124,20240202,nvda,602.50,13.28,13.13,38.75%,0.47956,0.01094,-0.84618,0.37456,0.06756,396,0,0.0,Call,01/23/24,38.57%
20240124,20240202,nvda,605.00,12.15,12.15,39.10%,0.45314,0.01078,-0.84664,0.37246,0.0639,"1,124","1,407",0.8,Call,01/23/24,38.57%
20240124,20240202,nvda,607.50,11.05,11.05,38.93%,0.42623,0.01072,-0.83268,0.36862,0.0602,357,0,0.0,Call,01/23/24,38.57%
20240124,20240202,nvda,610.00,10.14,10.14,39.10%,0.4006,0.01052,-0.82265,0.36335,0.05664,"2,028","1,370",1.48,Call,01/23/24,38.57%
20240124,20240202,nvda,612.50,9.4,9.2,39.02%,0.37478,0.01034,-0.80383,0.35642,0.05306,312,0,0.0,Call,01/23/24,38.57%
20240124,20240202,nvda,615.00,8.5,8.38,39.08%,0.35013,0.01008,-0.78539,0.34827,0.04963,997,998,1.0,Call,01/23/24,38.57%
20240124,20240202,nvda,617.50,7.7,7.7,39.42%,0.32753,0.00974,-0.77067,0.33944,0.04646,256,0,0.0,Call,01/23/24,38.57%
20240124,20240202,nvda,620.00,7.0,7.0,39.52%,0.30485,0.00943,-0.74838,0.32924,0.04328,"1,800","1,915",0.94,Call,01/23/24,38.57%
20240124,20240202,nvda,622.50,6.4,6.4,39.77%,0.2839,0.00906,-0.72775,0.31859,0.04034,106,0,0.0,Call,01/23/24,38.57%
20240124,20240202,nvda,575.00,5.3,5.3,38.97%,-0.23879,0.00848,-0.61156,0.29144,-0.03301,"1,031","1,052",0.98,Put,01/23/24,38.57%
20240124,20240202,nvda,577.50,5.93,5.93,38.83%,-0.26066,0.00891,-0.63747,0.30532,-0.03593,201,0,0.0,Put,01/23/24,38.57%
20240124,20240202,nvda,580.00,6.6,6.6,38.64%,-0.28339,0.00934,-0.66028,0.31826,-0.03881,"2,224","1,308",1.7,Put,01/23/24,38.57%
20240124,20240202,nvda,582.50,7.35,7.35,38.51%,-0.30742,0.00973,-0.68217,0.33041,-0.042,577,0,0.0,Put,01/23/24,38.57%
20240124,20240202,nvda,585.00,8.25,8.25,38.65%,-0.33327,0.01004,-0.70698,0.34175,-0.04544,"1,691","1,074",1.57,Put,01/23/24,38.57%
20240124,20240202,nvda,587.50,9.04,9.04,38.27%,-0.35822,0.01054,-0.71786,0.35102,-0.0484,496,0,0.0,Put,01/23/24,38.57%
20240124,20240202,nvda,590.00,10.0,10.0,38.20%,-0.38485,0.01067,-0.73187,0.35922,-0.05186,"1,850","1,091",1.7,Put,01/23/24,38.57%
20240124,20240202,nvda,592.50,11.07,11.07,38.25%,-0.41221,0.01086,-0.74476,0.36584,-0.05539,727,0,0.0,Put,01/23/24,38.57%
20240124,20240202,nvda,595.00,12.15,12.15,38.13%,-0.43968,0.01104,-0.75057,0.37066,-0.05887,"2,369",963,2.46,Put,01/23/24,38.57%
20240124,20240202,nvda,597.50,13.35,13.35,38.16%,-0.46756,0.01113,-0.75544,0.3737,-0.06227,542,0,0.0,Put,01/23/24,38.57%
20240124,20240202,nvda,600.00,14.63,14.63,38.20%,-0.49556,0.01116,-0.75717,0.37482,-0.06504,"1,242",984,1.26,Put,01/23/24,38.57%
20240124,20240202,nvda,602.50,18.1,16.03,38.37%,-0.52323,0.0111,-0.75754,0.37414,-0.06792,85,0,0.0,Put,01/23/24,38.57%
20240124,20240202,nvda,605.00,18.3,17.45,38.44%,-0.55054,0.01101,-0.75193,0.37177,-0.07119,319,738,0.43,Put,01/23/24,38.57%
20240124,20240202,nvda,607.50,19.85,18.1,36.21%,-0.58383,0.01153,-0.69324,0.36643,-0.07445,77,0,0.0,Put,01/23/24,38.57%
20240124,20240202,nvda,610.00,20.55,20.55,38.71%,-0.60341,0.01066,-0.7333,0.36208,-0.07693,376,303,1.24,Put,01/23/24,38.57%
20240124,20240202,nvda,612.50,23.15,21.43,36.67%,-0.63771,0.01096,-0.67026,0.35206,-0.07959,11,0,0.0,Put,01/23/24,38.57%
20240124,20240202,nvda,615.00,24.66,24.66,41.16%,-0.64437,0.00969,-0.75214,0.34988,-0.08137,80,42,1.9,Put,01/23/24,38.57%
20240124,20240202,nvda,617.50,29.05,26.05,40.26%,-0.67182,0.00962,-0.70961,0.33932,-0.08365,8,0,0.0,Put,01/23/24,38.57%
20240124,20240202,nvda,620.00,28.67,27.83,40.30%,-0.69466,0.00933,-0.68618,0.32906,-0.08569,77,174,0.44,Put,01/23/24,38.57%
20240124,20240202,nvda,622.50,32.48,29.75,40.64%,-0.71532,0.00897,-0.66809,0.31841,-0.08616,1,0,0.0,Put,01/23/24,38.57%
20240124,20240209,pltr,12.50,4.1,4.93,96.97%,0.95749,0.02572,-0.01166,0.00329,0.00512,0,30,0.0,Call,01/19/24,88.09%
20240124,20240209,pltr,13.00,3.44,4.45,93.51%,0.94276,0.03383,-0.01391,0.00417,0.00521,0,23,0.0,Call,01/19/24,88.09%
20240124,20240209,pltr,13.50,3.25,4.0,93.35%,0.91737,0.04497,-0.01786,0.00553,0.00522,0,84,0.0,Call,01/18/24,88.09%
20240124,20240209,pltr,14.00,3.55,3.55,90.57%,0.89112,0.0568,-0.02091,0.00677,0.00521,5,88,0.06,Call,01/23/24,88.09%
20240124,20240209,pltr,14.50,3.19,3.19,96.77%,0.83964,0.06941,-0.0284,0.00884,0.00498,1,50,0.02,Call,01/23/24,88.09%
20240124,20240209,pltr,15.00,2.73,2.73,88.71%,0.81137,0.08394,-0.02883,0.0098,0.00497,17,231,0.07,Call,01/23/24,88.09%
20240124,20240209,pltr,15.50,2.34,2.34,86.33%,0.76449,0.09823,-0.03171,0.01116,0.00478,3,314,0.01,Call,01/23/24,88.09%
20240124,20240209,pltr,16.00,2.0,2.0,86.03%,0.70761,0.1101,-0.03502,0.01247,0.0045,38,709,0.05,Call,01/23/24,88.09%
20240124,20240209,pltr,16.50,1.73,1.73,88.58%,0.64431,0.11593,-0.03879,0.01352,0.00414,262,"1,793",0.15,Call,01/23/24,88.09%
20240124,20240209,pltr,17.00,1.46,1.46,88.58%,0.58278,0.12147,-0.04046,0.01416,0.00379,718,"4,911",0.15,Call,01/23/24,88.09%
20240124,20240209,pltr,17.50,1.24,1.24,89.86%,0.52177,0.1222,-0.04172,0.01445,0.00342,"1,101","4,346",0.25,Call,01/23/24,88.09%
20240124,20240209,pltr,18.00,1.02,1.02,89.04%,0.46106,0.12292,-0.0411,0.01441,0.00306,"1,704","8,683",0.2,Call,01/23/24,88.09%
20240124,20240209,pltr,18.50,0.83,0.83,88.31%,0.40194,0.12075,-0.03963,0.01404,0.00269,"1,067","2,802",0.38,Call,01/23/24,88.09%
20240124,20240209,pltr,19.00,0.68,0.68,88.53%,0.34785,0.11506,-0.03788,0.01341,0.00234,515,"6,816",0.08,Call,01/23/24,88.09%
20240124,20240209,pltr,19.50,0.56,0.56,89.26%,0.29965,0.10731,-0.03585,0.01261,0.00203,"1,006","2,143",0.47,Call,01/23/24,88.09%
20240124,20240209,pltr,20.00,0.46,0.46,90.00%,0.25659,0.09865,-0.03346,0.01169,0.00175,"2,574","6,593",0.39,Call,01/23/24,88.09%
20240124,20240209,pltr,20.50,0.37,0.37,90.08%,0.21649,0.08976,-0.03046,0.01064,0.00148,92,813,0.11,Call,01/23/24,88.09%
20240124,20240209,pltr,21.00,0.32,0.31,91.11%,0.1842,0.08053,-0.02792,0.00966,0.00127,867,"3,072",0.28,Call,01/23/24,88.09%
20240124,20240209,pltr,21.50,0.26,0.26,93.09%,0.1594,0.07185,-0.02599,0.00881,0.0011,112,884,0.13,Call,01/23/24,88.09%
20240124,20240209,pltr,22.00,0.22,0.21,92.79%,0.13155,0.06334,-0.02274,0.00774,0.00091,473,"1,191",0.4,Call,01/23/24,88.09%
20240124,20240209,pltr,12.50,0.07,0.07,98.18%,-0.04431,0.02628,-0.01031,0.0034,-0.00034,106,142,0.75,Put,01/23/24,88.09%
20240124,20240209,pltr,13.00,0.1,0.1,95.88%,-0.06138,0.03486,-0.01303,0.0044,-0.00047,51,804,0.06,Put,01/23/24,88.09%
20240124,20240209,pltr,13.50,0.14,0.14,93.57%,-0.08322,0.04513,-0.01604,0.00556,-0.00064,73,432,0.17,Put,01/23/24,88.09%
20240124,20240209,pltr,14.00,0.18,0.18,89.43%,-0.10663,0.05669,-0.01837,0.00667,-0.00082,162,"1,597",0.1,Put,01/23/24,88.09%
20240124,20240209,pltr,14.50,0.26,0.26,88.96%,-0.14418,0.07039,-0.02253,0.00824,-0.00111,132,"2,881",0.05,Put,01/23/24,88.09%
20240124,20240209,pltr,15.00,0.35,0.35,87.10%,-0.18554,0.08469,-0.02593,0.0097,-0.00142,336,"2,405",0.14,Put,01/23/24,88.09%
20240124,20240209,pltr,15.50,0.49,0.49,87.68%,-0.23859,0.09751,-0.0302,0.01124,-0.00182,427,"2,175",0.2,Put,01/23/24,88.09%
20240124,20240209,pltr,16.00,0.64,0.64,86.51%,-0.29373,0.10986,-0.03303,0.01249,-0.00224,748,"3,596",0.21,Put,01/23/24,88.09%
20240124,20240209,pltr,16.50,0.84,0.84,86.85%,-0.35512,0.11835,-0.03576,0.01351,-0.00271,374,"3,003",0.12,Put,01/23/24,88.09%
20240124,20240209,pltr,17.00,1.07,1.07,86.98%,-0.41805,0.12401,-0.03745,0.01417,-0.00317,794,"5,050",0.16,Put,01/23/24,88.09%
20240124,20240209,pltr,17.50,1.33,1.33,86.94%,-0.48121,0.12667,-0.03807,0.01446,-0.00362,198,966,0.2,Put,01/23/24,88.09%
20240124,20240209,pltr,18.00,1.61,1.63,87.53%,-0.54232,0.12532,-0.038,0.01439,-0.00407,139,603,0.23,Put,01/23/24,88.09%
20240124,20240209,pltr,18.50,1.98,1.95,87.49%,-0.60132,0.1221,-0.03679,0.014,-0.00447,10,521,0.02,Put,01/23/24,88.09%
20240124,20240209,pltr,19.00,2.31,2.31,88.44%,-0.65447,0.11549,-0.03535,0.01337,-0.00476,9,323,0.03,Put,01/23/24,88.09%
20240124,20240209,pltr,19.50,2.48,2.67,87.57%,-0.70747,0.10888,-0.0324,0.01246,-0.00509,1,273,0.0,Put,01/23/24,88.09%
20240124,20240209,pltr,20.00,3.08,3.08,89.03%,-0.74907,0.09935,-0.03034,0.01154,-0.0053,3,214,0.01,Put,01/23/24,88.09%
20240124,20240209,pltr,20.50,3.55,3.55,94.60%,-0.77237,0.13077,-0.03051,0.01094,-0.00546,1,7,0.14,Put,01/23/24,88.09%
20240124,20240209,pltr,21.00,4.2,3.93,89.86%,-0.82338,0.08049,-0.02452,0.00938,-0.0055,0,12,0.0,Put,01/10/24,88.09%
20240124,20240209,pltr,21.50,4.86,4.35,88.04%,-0.86053,0.07059,-0.02025,0.00803,-0.00553,0,3,0.0,Put,01/12/24,88.09%
20240124,20240209,pltr,22.00,5.7,4.83,91.07%,-0.87775,0.13356,-0.019,0.00733,-0.00554,0,26,0.0,Put,01/17/24,88.09%
20240124,20240126,enph,102.00,10.08,10.08,116.88%,0.85436,0.02374,-0.56275,0.01884,0.00466,76,217,0.35,Call,01/23/24,79.80%
20240124,20240126,enph,103.00,8.64,8.64,82.17%,0.90481,0.025,-0.29993,0.01395,0.00505,16,102,0.16,Call,01/23/24,79.80%
20240124,20240126,enph,104.00,8.03,7.85,87.19%,0.8617,0.03073,-0.40929,0.01819,0.00483,80,149,0.54,Call,01/23/24,79.80%
20240124,20240126,enph,105.00,6.63,7.05,88.52%,0.82293,0.03561,-0.48586,0.0214,0.00463,52,460,0.11,Call,01/23/24,79.80%
20240124,20240126,enph,106.00,5.65,6.18,84.73%,0.79218,0.04103,-0.51187,0.0236,0.00449,130,336,0.39,Call,01/23/24,79.80%
20240124,20240126,enph,107.00,5.2,5.4,83.79%,0.74891,0.04614,-0.56105,0.02624,0.00427,123,270,0.46,Call,01/23/24,79.80%
20240124,20240126,enph,108.00,4.73,4.73,84.93%,0.69668,0.04994,-0.62187,0.02879,0.00399,106,353,0.3,Call,01/23/24,79.80%
20240124,20240126,enph,109.00,3.9,3.9,78.96%,0.65231,0.05681,-0.61091,0.03044,0.00376,232,463,0.5,Call,01/23/24,79.80%
20240124,20240126,enph,110.00,3.3,3.3,78.97%,0.59299,0.05966,-0.64028,0.03197,0.00344,"2,089","1,846",1.13,Call,01/23/24,79.80%
20240124,20240126,enph,111.00,2.7,2.82,80.62%,0.53187,0.05988,-0.66858,0.03276,0.00309,643,626,1.03,Call,01/23/24,79.80%
20240124,20240126,enph,112.00,2.32,2.32,80.10%,0.47163,0.06031,-0.66385,0.03278,0.00275,"1,041",549,1.9,Call,01/23/24,79.80%
20240124,20240126,enph,113.00,1.9,1.9,80.06%,0.41244,0.05903,-0.64833,0.03207,0.00241,758,313,2.42,Call,01/23/24,79.80%
20240124,20240126,enph,114.00,1.55,1.55,80.43%,0.35644,0.05627,-0.62314,0.03072,0.00209,743,621,1.2,Call,01/23/24,79.80%
20240124,20240126,enph,115.00,1.23,1.23,80.02%,0.30235,0.05293,-0.57978,0.02875,0.00178,"5,180",944,5.49,Call,01/23/24,79.80%
20240124,20240126,enph,116.00,1.0,1.0,81.07%,0.25642,0.04822,-0.54179,0.02653,0.00151,611,289,2.11,Call,01/23/24,79.80%
20240124,20240126,enph,117.00,0.76,0.81,82.16%,0.2159,0.04327,-0.49903,0.02413,0.00127,604,510,1.18,Call,01/23/24,79.80%
20240124,20240126,enph,118.00,0.6,0.64,82.61%,0.17861,0.03837,-0.44713,0.02151,0.00105,219,331,0.66,Call,01/23/24,79.80%
20240124,20240126,enph,119.00,0.47,0.5,83.24%,0.1468,0.03351,-0.39634,0.01894,0.00087,159,224,0.71,Call,01/23/24,79.80%
20240124,20240126,enph,120.00,0.4,0.4,84.10%,0.12035,0.02893,-0.34915,0.01652,0.00071,"2,835","3,226",0.88,Call,01/23/24,79.80%
20240124,20240126,enph,121.00,0.34,0.31,84.57%,0.09698,0.02463,-0.30045,0.01414,0.00057,105,198,0.53,Call,01/23/24,79.80%
20240124,20240126,enph,102.00,0.27,0.27,86.59%,-0.08112,0.02106,-0.2667,0.01238,-0.00047,180,221,0.81,Put,01/23/24,79.80%
20240124,20240126,enph,103.00,0.34,0.34,84.26%,-0.10062,0.0254,-0.30442,0.01453,-0.00059,"4,473",195,22.94,Put,01/23/24,79.80%
20240124,20240126,enph,104.00,0.45,0.45,83.24%,-0.12795,0.03051,-0.35676,0.01724,-0.00074,413,256,1.61,Put,01/23/24,79.80%
20240124,20240126,enph,105.00,0.65,0.58,81.77%,-0.15929,0.03602,-0.40616,0.01999,-0.00092,544,440,1.24,Put,01/23/24,79.80%
20240124,20240126,enph,106.00,0.86,0.75,80.66%,-0.19725,0.04179,-0.45822,0.02287,-0.00114,779,557,1.4,Put,01/23/24,79.80%
20240124,20240126,enph,107.00,1.1,0.97,79.96%,-0.24205,0.04743,-0.51064,0.02573,-0.00139,170,269,0.63,Put,01/23/24,79.80%
20240124,20240126,enph,108.00,1.29,1.25,79.53%,-0.29284,0.05251,-0.55877,0.02833,-0.00168,360,257,1.4,Put,01/23/24,79.80%
20240124,20240126,enph,109.00,1.6,1.56,78.48%,-0.34722,0.05715,-0.59172,0.03043,-0.00198,350,418,0.84,Put,01/23/24,79.80%
20240124,20240126,enph,110.00,1.98,1.98,79.30%,-0.4076,0.05946,-0.62785,0.03198,-0.00231,"1,218",360,3.38,Put,01/23/24,79.80%
20240124,20240126,enph,111.00,2.44,2.44,79.27%,-0.46835,0.06095,-0.64223,0.03276,-0.00264,300,340,0.88,Put,01/23/24,79.80%
20240124,20240126,enph,112.00,2.96,2.96,79.20%,-0.52938,0.06103,-0.64113,0.03278,-0.00295,985,315,3.13,Put,01/23/24,79.80%
20240124,20240126,enph,113.00,3.35,3.53,78.66%,-0.58998,0.06006,-0.62113,0.03203,-0.00325,304,194,1.57,Put,01/23/24,79.80%
20240124,20240126,enph,114.00,3.75,4.18,78.96%,-0.64706,0.05719,-0.59475,0.03061,-0.00353,104,143,0.73,Put,01/23/24,79.80%
20240124,20240126,enph,115.00,4.5,4.85,78.26%,-0.70279,0.05409,-0.54798,0.02852,-0.00376,144,304,0.47,Put,01/23/24,79.80%
20240124,20240126,enph,116.00,7.15,5.6,78.39%,-0.75213,0.0491,-0.5001,0.02606,-0.00394,19,79,0.24,Put,01/23/24,79.80%
20240124,20240126,enph,117.00,7.0,6.38,77.67%,-0.79898,0.04402,-0.43819,0.02313,-0.00409,20,101,0.2,Put,01/23/24,79.80%
20240124,20240126,enph,118.00,6.2,7.2,77.25%,-0.83959,0.03845,-0.37646,0.02007,-0.00416,1,175,0.01,Put,01/23/24,79.80%
20240124,20240126,enph,119.00,9.43,8.03,74.60%,-0.88198,0.03237,-0.2925,0.01627,-0.00412,22,87,0.25,Put,01/23/24,79.80%
20240124,20240126,enph,120.00,10.2,9.0,79.48%,-0.89462,0.02802,-0.28707,0.01501,-0.00416,21,931,0.02,Put,01/23/24,79.80%
20240124,20240126,enph,121.00,15.7,10.4,108.78%,-0.84055,0.02717,-0.53217,0.01999,-0.00435,0,174,0.0,Put,01/19/24,79.80%
20240124,20240126,nflx,467.50,33.08,33.08,127.19%,0.72471,0.00721,-3.91488,0.12163,0.01773,28,58,0.48,Call,01/23/24,138.85%
20240124,20240126,nflx,470.00,31.82,31.82,130.73%,0.70132,0.00729,-4.17741,0.12642,0.01717,296,282,1.05,Call,01/23/24,138.85%
20240124,20240126,nflx,472.50,30.11,30.11,130.20%,0.68257,0.00751,-4.27119,0.12985,0.01676,65,224,0.29,Call,01/23/24,138.85%
20240124,20240126,nflx,475.00,28.3,28.3,128.57%,0.66431,0.00779,-4.31315,0.13283,0.01637,203,411,0.49,Call,01/23/24,138.85%
20240124,20240126,nflx,477.50,27.3,27.3,132.58%,0.64089,0.00774,-4.55584,0.13618,0.01579,121,293,0.41,Call,01/23/24,138.85%
20240124,20240126,nflx,480.00,25.9,25.9,133.18%,0.62046,0.00785,-4.6576,0.13867,0.01531,"1,009","1,138",0.89,Call,01/23/24,138.85%
20240124,20240126,nflx,482.50,24.55,24.55,133.75%,0.59999,0.00793,-4.74578,0.14075,0.01484,431,748,0.58,Call,01/23/24,138.85%
20240124,20240126,nflx,485.00,23.22,23.22,134.08%,0.5796,0.00801,-4.81268,0.14244,0.01436,"1,835","1,476",1.24,Call,01/23/24,138.85%
20240124,20240126,nflx,487.50,21.95,21.95,134.46%,0.55919,0.00806,-4.86872,0.14374,0.01388,"2,236","1,208",1.85,Call,01/23/24,138.85%
20240124,20240126,nflx,490.00,20.85,20.85,135.66%,0.53885,0.00804,-4.94141,0.14465,0.01339,"5,249","1,812",2.9,Call,01/23/24,138.85%
20240124,20240126,nflx,492.50,19.63,19.63,135.67%,0.51868,0.00806,-4.95849,0.14518,0.01291,"2,025",447,4.53,Call,01/23/24,138.85%
20240124,20240126,nflx,495.00,18.55,18.55,136.29%,0.49876,0.00804,-4.98539,0.14534,0.01244,"3,407","1,282",2.66,Call,01/23/24,138.85%
20240124,20240126,nflx,497.50,17.47,17.47,136.58%,0.47898,0.00801,-4.98762,0.14514,0.01196,647,301,2.15,Call,01/23/24,138.85%
20240124,20240126,nflx,500.00,16.55,16.55,137.63%,0.45988,0.00792,-5.00628,0.14461,0.0115,"9,786","3,760",2.6,Call,01/23/24,138.85%
20240124,20240126,nflx,502.50,15.48,15.48,137.32%,0.44027,0.00789,-4.96298,0.14371,0.01103,746,322,2.32,Call,01/23/24,138.85%
20240124,20240126,nflx,505.00,14.7,14.7,138.71%,0.42227,0.00775,-4.97221,0.14257,0.01058,"1,564",820,1.91,Call,01/23/24,138.85%
20240124,20240126,nflx,507.50,13.73,13.73,138.45%,0.40328,0.00768,-4.90895,0.14105,0.01012,666,386,1.73,Call,01/23/24,138.85%
20240124,20240126,nflx,510.00,12.86,12.86,138.57%,0.38497,0.00757,-4.85019,0.13926,0.00968,"3,276","2,022",1.62,Call,01/23/24,138.85%
20240124,20240126,nflx,512.50,12.05,12.05,138.82%,0.36718,0.00745,-4.78658,0.13721,0.00924,397,244,1.63,Call,01/23/24,138.85%
20240124,20240126,nflx,515.00,11.19,11.19,138.39%,0.34892,0.00734,-4.68683,0.13479,0.0088,"1,831",625,2.93,Call,01/23/24,138.85%
20240124,20240126,nflx,467.50,9.2,9.2,134.88%,-0.285,0.00691,-4.15092,0.12369,-0.00741,813,358,2.27,Put,01/23/24,138.85%
20240124,20240126,nflx,470.00,10.2,10.2,136.26%,-0.30489,0.00706,-4.32542,0.12759,-0.00792,"2,949",893,3.3,Put,01/23/24,138.85%
20240124,20240126,nflx,472.50,11.18,11.18,137.05%,-0.3243,0.00721,-4.4662,0.13101,-0.00842,447,388,1.15,Put,01/23/24,138.85%
20240124,20240126,nflx,475.00,12.27,12.27,138.26%,-0.34419,0.00731,-4.61165,0.13411,-0.00893,"1,687","1,044",1.62,Put,01/23/24,138.85%
20240124,20240126,nflx,477.50,13.35,13.35,138.98%,-0.36376,0.00742,-4.72738,0.13678,-0.00944,767,543,1.41,Put,01/23/24,138.85%
20240124,20240126,nflx,480.00,14.45,14.45,139.47%,-0.38324,0.00752,-4.82264,0.13907,-0.00994,"2,473","1,602",1.54,Put,01/23/24,138.85%
20240124,20240126,nflx,482.50,15.6,15.6,139.95%,-0.40279,0.00759,-4.90559,0.14101,-0.01044,"1,953",980,1.99,Put,01/23/24,138.85%
20240124,20240126,nflx,485.00,16.91,16.91,141.19%,-0.42253,0.00761,-5.00411,0.14259,-0.01095,"3,393","1,048",3.24,Put,01/23/24,138.85%
20240124,20240126,nflx,487.50,18.11,18.11,141.31%,-0.4419,0.00767,-5.0494,0.1438,-0.01144,"1,815",633,2.87,Put,01/23/24,138.85%
20240124,20240126,nflx,490.00,19.4,19.4,141.70%,-0.46127,0.0077,-5.09279,0.14465,-0.0119,"3,024",974,3.1,Put,01/23/24,138.85%
20240124,20240126,nflx,492.50,20.78,20.78,142.38%,-0.48047,0.00769,-5.13423,0.14517,-0.01239,505,290,1.74,Put,01/23/24,138.85%
20240124,20240126,nflx,495.00,22.21,22.21,143.07%,-0.49944,0.00766,-5.16418,0.14534,-0.01288,712,756,0.94,Put,01/23/24,138.85%
20240124,20240126,nflx,497.50,23.61,23.61,143.23%,-0.51835,0.00764,-5.1631,0.14519,-0.01335,472,27,17.48,Put,01/23/24,138.85%
20240124,20240126,nflx,500.00,25.16,25.16,144.10%,-0.53671,0.00757,-5.17686,0.14472,-0.0138,663,607,1.09,Put,01/23/24,138.85%
20240124,20240126,nflx,502.50,26.71,26.6,143.89%,-0.55539,0.00754,-5.13992,0.14394,-0.01425,26,206,0.13,Put,01/23/24,138.85%
20240124,20240126,nflx,505.00,28.13,28.13,144.00%,-0.57366,0.00748,-5.10362,0.14286,-0.01471,67,200,0.34,Put,01/23/24,138.85%
20240124,20240126,nflx,507.50,29.64,29.64,143.65%,-0.59207,0.00742,-5.03963,0.14145,-0.01516,32,8,4.0,Put,01/23/24,138.85%
20240124,20240126,nflx,510.00,31.34,31.34,144.35%,-0.60921,0.00731,-5.0055,0.13986,-0.01559,68,224,0.3,Put,01/23/24,138.85%
20240124,20240126,nflx,512.50,33.1,33.1,145.18%,-0.62574,0.00717,-4.96834,0.13806,-0.016,45,4,11.25,Put,01/23/24,138.85%
20240124,20240126,nflx,515.00,35.1,34.88,145.85%,-0.64199,0.00703,-4.91656,0.13603,-0.01632,31,57,0.54,Put,01/23/24,138.85%
