s,optionSymbol,underlying,expiration,side,strike,firstTraded,dte,updated,bid,bidSize,mid,ask,askSize,last,openInterest,volume,inTheMoney,intrinsicValue,extrinsicValue,underlyingPrice,iv,delta,gamma,theta,vega,rho
ok,SPY240621C00180000,SPY,1719000000,call,180.0,1665754200,4,1718396100,362.13,168,362.56,363.0,186,361.91,434,0,True,362.78,0.21,542.78,0.0,1.0,0.0,0.0,0.0,0.0
ok,SPY240621C00185000,SPY,1719000000,call,185.0,1664199000,4,1718396100,357.13,186,357.61,358.09,186,331.8,60,0,True,357.78,0.17,542.78,0.0,1.0,0.0,0.0,0.0,0.0
ok,SPY240621C00190000,SPY,1719000000,call,190.0,1656077400,4,1718396100,352.14,154,352.62,353.09,83,305.94,308,0,True,352.78,0.16,542.78,0.0,1.0,0.0,0.0,0.0,0.0
ok,SPY240621C00195000,SPY,1719000000,call,195.0,1656077400,4,1718396100,347.14,186,347.62,348.1,186,314.82,905,0,True,347.78,0.16,542.78,0.0,1.0,0.0,0.0,0.0,0.0
ok,SPY240621C00200000,SPY,1719000000,call,200.0,1656077400,4,1718396100,342.15,83,342.57,343.0,186,333.53,517,0,True,342.78,0.2,542.78,0.0,1.0,0.0,0.0,0.0,0.0
ok,SPY240621C00205000,SPY,1719000000,call,205.0,1656077400,4,1718396100,337.15,83,337.58,338.01,168,335.49,352,0,True,337.78,0.2,542.78,0.0,1.0,0.0,0.0,0.0,0.0
ok,SPY240621C00210000,SPY,1719000000,call,210.0,1656077400,4,1718396100,332.11,186,332.58,333.05,186,318.09,122,0,True,332.78,0.2,542.78,0.0,1.0,0.0,0.0,0.0,0.0
ok,SPY240621C00215000,SPY,1719000000,call,215.0,1656077400,4,1718396100,327.16,83,327.59,328.02,186,325.51,430,0,True,327.78,0.19,542.78,0.0,1.0,0.0,0.0,0.0,0.0
ok,SPY240621C00220000,SPY,1719000000,call,220.0,1656077400,4,1718396100,322.16,186,322.61,323.05,83,310.24,689,0,True,322.78,0.17,542.78,0.0,1.0,0.0,0.0,0.0,0.0
ok,SPY240621C00225000,SPY,1719000000,call,225.0,1656077400,4,1718396100,317.12,186,317.59,318.06,83,317.02,1055,0,True,317.78,0.19,542.78,0.0,1.0,0.0,0.0,0.0,0.0
ok,SPY240621C00230000,SPY,1719000000,call,230.0,1656077400,4,1718396100,312.1,186,312.56,313.03,83,311.13,1123,2,True,312.78,0.21,542.78,0.0,1.0,0.0,0.0,0.0,0.0
ok,SPY240621C00235000,SPY,1719000000,call,235.0,1656077400,4,1718396100,307.11,186,307.57,308.03,168,306.02,1354,0,True,307.78,0.21,542.78,0.0,1.0,0.0,0.0,0.0,0.0
ok,SPY240621C00240000,SPY,1719000000,call,240.0,1656077400,4,1718396100,302.18,75,302.62,303.06,186,302.67,1418,0,True,302.78,0.16,542.78,0.0,1.0,0.0,0.0,0.0,0.0
ok,SPY240621C00245000,SPY,1719000000,call,245.0,1656077400,4,1718396100,297.11,186,297.58,298.04,83,297.14,784,0,True,297.78,0.2,542.78,0.0,1.0,0.0,0.0,0.0,0.0
ok,SPY240621C00250000,SPY,1719000000,call,250.0,1656077400,4,1718396100,292.13,168,292.59,293.04,186,292.1,967,7,True,292.78,0.19,542.78,0.0,1.0,0.0,0.0,0.0,0.0
ok,SPY240621C00255000,SPY,1719000000,call,255.0,1656077400,4,1718396100,287.19,75,287.62,288.04,186,286.71,508,0,True,287.78,0.16,542.78,0.0,1.0,0.0,0.0,0.0,0.0
ok,SPY240621C00260000,SPY,1719000000,call,260.0,1656077400,4,1718396100,282.2,75,282.62,283.05,186,282.15,816,6,True,282.78,0.15,542.78,0.0,1.0,0.0,0.0,0.0,0.0
ok,SPY240621C00265000,SPY,1719000000,call,265.0,1656077400,4,1718396100,277.2,75,277.62,278.04,186,276.77,562,2,True,277.78,0.16,542.78,0.0,1.0,0.0,0.0,0.0,0.0
ok,SPY240621C00270000,SPY,1719000000,call,270.0,1656077400,4,1718396100,272.2,75,272.62,273.05,93,271.95,682,0,True,272.78,0.15,542.78,0.0,1.0,0.0,0.0,0.0,0.0
ok,SPY240621C00275000,SPY,1719000000,call,275.0,1656077400,4,1718396100,267.2,75,267.62,268.05,186,266.99,1538,0,True,267.78,0.15,542.78,0.0,1.0,0.0,0.0,0.0,0.0
ok,SPY240621C00280000,SPY,1719000000,call,280.0,1656077400,4,1718396100,262.21,75,262.63,263.05,168,262.25,2928,2,True,262.78,0.15,542.78,0.0,1.0,0.0,0.0,0.0,0.0
ok,SPY240621C00285000,SPY,1719000000,call,285.0,1656077400,4,1718396100,257.13,168,257.6,258.06,186,258.03,1119,0,True,257.78,0.18,542.78,0.0,1.0,0.0,0.0,0.0,0.0
ok,SPY240621C00290000,SPY,1719000000,call,290.0,1656077400,4,1718396100,252.22,75,252.64,253.06,186,253.0,743,0,True,252.78,0.14,542.78,0.0,1.0,0.0,0.0,0.0,0.0
ok,SPY240621C00295000,SPY,1719000000,call,295.0,1656077400,4,1718396100,247.15,75,247.61,248.06,169,246.8,880,0,True,247.78,0.17,542.78,0.0,1.0,0.0,0.0,0.0,0.0
ok,SPY240621C00300000,SPY,1719000000,call,300.0,1656077400,4,1718396100,242.15,168,242.64,243.14,186,242.05,1672,3,True,242.78,0.13,542.78,0.0,1.0,0.0,0.0,0.0,0.0
ok,SPY240621C00305000,SPY,1719000000,call,305.0,1656077400,4,1718396100,237.22,75,237.64,238.07,186,216.87,2032,0,True,237.78,0.13,542.78,0.0,1.0,0.0,0.0,0.0,0.0
ok,SPY240621C00310000,SPY,1719000000,call,310.0,1656077400,4,1718396100,232.17,186,232.62,233.07,154,232.27,2500,3,True,232.78,0.16,542.78,0.0,1.0,0.0,0.0,0.0,0.0
ok,SPY240621C00315000,SPY,1719000000,call,315.0,1656077400,4,1718396100,227.16,93,227.66,228.15,186,226.36,1373,0,True,227.78,0.12,542.78,0.0,1.0,0.0,0.0,0.0,0.0
ok,SPY240621C00320000,SPY,1719000000,call,320.0,1656077400,4,1718396100,222.17,168,222.62,223.08,186,222.27,2665,11,True,222.78,0.15,542.78,0.0,1.0,0.0,0.0,0.0,0.0
ok,SPY240621C00325000,SPY,1719000000,call,325.0,1656077400,4,1718396100,217.17,168,217.62,218.08,168,217.11,1218,39,True,217.78,0.15,542.78,0.0,1.0,0.0,0.0,0.0,0.0
ok,SPY240621C00330000,SPY,1719000000,call,330.0,1656077400,4,1718396100,212.19,186,212.63,213.08,83,212.28,1866,8,True,212.78,0.14,542.78,0.0,1.0,0.0,0.0,0.0,0.0
ok,SPY240621C00335000,SPY,1719000000,call,335.0,1655991000,4,1718396100,207.18,75,207.67,208.16,186,206.98,1286,10,True,207.78,0.11,542.78,0.0,1.0,0.0,0.0,0.0,0.0
ok,SPY240621C00340000,SPY,1719000000,call,340.0,1655991000,4,1718396100,202.18,186,202.63,203.09,168,202.35,1107,24,True,202.78,0.14,542.78,0.0,1.0,0.0,0.0,0.0,0.0
ok,SPY240621C00345000,SPY,1719000000,call,345.0,1655991000,4,1718396100,197.25,93,197.67,198.09,186,196.74,5716,4,True,197.78,0.11,542.78,0.0,1.0,0.0,0.0,0.0,0.0
ok,SPY240621C00350000,SPY,1719000000,call,350.0,1655991000,4,1718396100,192.19,168,192.68,193.17,186,192.34,2924,112,True,192.78,0.1,542.78,0.0,1.0,0.0,0.0,0.0,0.0
ok,SPY240621C00355000,SPY,1719000000,call,355.0,1655991000,4,1718396100,187.2,418,187.69,188.17,418,187.34,1501,12,True,187.78,0.09,542.78,0.0,1.0,0.0,0.0,0.0,0.0
ok,SPY240621C00360000,SPY,1719000000,call,360.0,1655991000,4,1718396100,182.2,418,182.65,183.1,418,181.6,2410,531,True,182.78,0.13,542.78,0.0,1.0,0.0,0.0,0.0,0.0
ok,SPY240621C00365000,SPY,1719000000,call,365.0,1655991000,4,1718396100,177.2,418,177.69,178.17,418,177.35,881,12,True,177.78,0.09,542.78,0.0,1.0,0.0,0.0,0.0,0.0
ok,SPY240621C00370000,SPY,1719000000,call,370.0,1655991000,4,1718396100,172.21,418,172.69,173.18,418,172.37,1519,5,True,172.78,0.08,542.78,0.0,1.0,0.0,0.0,0.0,0.0
ok,SPY240621C00375000,SPY,1719000000,call,375.0,1655991000,4,1718396100,167.21,418,167.69,168.18,418,167.25,3100,17,True,167.78,0.08,542.78,0.0,1.0,0.0,0.0,0.0,0.0
ok,SPY240621C00380000,SPY,1719000000,call,380.0,1655991000,4,1718396100,162.27,325,162.7,163.13,418,161.39,4282,8,True,162.78,0.08,542.78,0.0,1.0,0.0,0.0,0.0,0.0
ok,SPY240621C00385000,SPY,1719000000,call,385.0,1655991000,4,1718396100,157.27,325,157.72,158.17,418,157.32,7338,5,True,157.78,0.06,542.78,0.0,1.0,0.0,0.0,0.0,0.0
ok,SPY240621C00390000,SPY,1719000000,call,390.0,1655991000,4,1718396100,152.27,418,152.73,153.18,325,152.42,7413,7,True,152.78,0.05,542.78,0.0,1.0,0.0,0.0,0.0,0.0
ok,SPY240621C00395000,SPY,1719000000,call,395.0,1655991000,4,1718396100,147.31,325,147.75,148.18,418,146.77,11303,21,True,147.78,0.03,542.78,0.0,1.0,0.0,0.0,0.0,0.0
ok,SPY240621C00400000,SPY,1719000000,call,400.0,1655991000,4,1718396100,142.27,325,142.73,143.18,325,142.81,10482,180,True,142.78,0.05,542.78,0.0,1.0,0.0,0.0,0.0,0.0
ok,SPY240621C00405000,SPY,1719000000,call,405.0,1655991000,4,1718396100,137.27,325,137.73,138.18,325,137.34,4346,3,True,137.78,0.05,542.78,0.0,1.0,0.0,0.0,0.0,0.0
ok,SPY240621C00410000,SPY,1719000000,call,410.0,1655991000,4,1718396100,132.3,325,132.75,133.2,418,132.38,12808,8,True,132.78,0.03,542.78,0.0,1.0,0.0,0.0,0.0,0.0
ok,SPY240621C00412000,SPY,1719000000,call,412.0,1697808600,4,1718396100,130.25,418,130.72,131.2,325,101.65,609,0,True,130.78,0.05,542.78,0.0,1.0,0.0,0.0,0.0,0.0
ok,SPY240621C00413000,SPY,1719000000,call,413.0,1697808600,4,1718396100,129.25,418,129.72,130.2,325,112.7,257,0,True,129.78,0.05,542.78,0.0,1.0,0.0,0.0,0.0,0.0
ok,SPY240621C00414000,SPY,1719000000,call,414.0,1697808600,4,1718396100,128.25,418,128.72,129.2,325,90.75,175,0,True,128.78,0.05,542.78,0.0,1.0,0.0,0.0,0.0,0.0
ok,SPY240621C00415000,SPY,1719000000,call,415.0,1655991000,4,1718396100,127.28,418,127.74,128.2,325,127.9,11178,7,True,127.78,0.04,542.78,0.0,1.0,0.0,0.0,0.0,0.0
ok,SPY240621C00416000,SPY,1719000000,call,416.0,1697808600,4,1718396100,126.25,418,126.72,127.2,325,107.53,261,0,True,126.78,0.05,542.78,0.0,1.0,0.0,0.0,0.0,0.0
ok,SPY240621C00417000,SPY,1719000000,call,417.0,1697808600,4,1718396100,125.25,418,125.72,126.2,325,118.48,136,0,True,125.78,0.05,542.78,0.0,1.0,0.0,0.0,0.0,0.0
ok,SPY240621C00418000,SPY,1719000000,call,418.0,1697808600,4,1718396100,124.26,418,124.73,125.2,325,117.25,376,0,True,124.78,0.05,542.78,0.0,1.0,0.0,0.0,0.0,0.0
ok,SPY240621C00419000,SPY,1719000000,call,419.0,1697808600,4,1718396100,123.26,418,123.73,124.2,325,122.58,1338,0,True,123.78,0.05,542.78,0.0,1.0,0.0,0.0,0.0,0.0
ok,SPY240621C00420000,SPY,1719000000,call,420.0,1655991000,4,1718396100,122.32,325,122.76,123.2,418,122.05,24445,13,True,122.78,0.02,542.78,0.0,1.0,0.0,0.0,0.0,0.0
ok,SPY240621C00421000,SPY,1719000000,call,421.0,1697808600,4,1718396100,121.26,418,121.73,122.2,325,100.51,1098,0,True,121.78,0.05,542.78,0.0,1.0,0.0,0.0,0.0,0.0
ok,SPY240621C00422000,SPY,1719000000,call,422.0,1697808600,4,1718396100,120.26,325,120.73,121.2,325,103.9,1642,0,True,120.78,0.05,542.78,0.0,1.0,0.0,0.0,0.0,0.0
ok,SPY240621C00423000,SPY,1719000000,call,423.0,1697808600,4,1718396100,119.26,418,119.73,120.2,325,98.08,1537,0,True,119.78,0.05,542.78,0.0,1.0,0.0,0.0,0.0,0.0
ok,SPY240621C00424000,SPY,1719000000,call,424.0,1697808600,4,1718396100,118.26,418,118.73,119.2,325,111.69,2179,0,True,118.78,0.05,542.78,0.0,1.0,0.0,0.0,0.0,0.0
ok,SPY240621C00425000,SPY,1719000000,call,425.0,1655991000,4,1718396100,117.33,325,117.77,118.21,418,117.33,13026,13,True,117.78,0.01,542.78,0.0,1.0,0.0,0.0,0.0,0.0
ok,SPY240621C00426000,SPY,1719000000,call,426.0,1697808600,4,1718396100,116.26,418,116.73,117.21,325,109.11,3296,0,True,116.78,0.04,542.78,0.0,1.0,0.0,0.0,0.0,0.0
ok,SPY240621C00427000,SPY,1719000000,call,427.0,1697808600,4,1718396100,115.31,325,115.74,116.17,325,107.04,4220,0,True,115.78,0.04,542.78,0.0,1.0,0.0,0.0,0.0,0.0
ok,SPY240621C00428000,SPY,1719000000,call,428.0,1697808600,4,1718396100,114.26,418,114.73,115.21,325,107.07,2877,0,True,114.78,0.04,542.78,0.0,1.0,0.0,0.0,0.0,0.0
ok,SPY240621C00429000,SPY,1719000000,call,429.0,1697808600,4,1718396100,113.26,418,113.73,114.21,325,74.49,2618,0,True,113.78,0.04,542.78,0.0,1.0,0.0,0.0,0.0,0.0
ok,SPY240621C00430000,SPY,1719000000,call,430.0,1655991000,4,1718396100,112.29,325,112.75,113.21,418,112.45,69300,17,True,112.78,0.03,542.78,0.0,1.0,0.0,0.0,0.0,0.0
ok,SPY240621C00431000,SPY,1719000000,call,431.0,1697808600,4,1718396100,111.27,418,111.74,112.21,325,111.43,2031,0,True,111.78,0.04,542.78,0.0,1.0,0.0,0.0,0.0,0.0
ok,SPY240621C00432000,SPY,1719000000,call,432.0,1697808600,4,1718396100,110.27,418,110.74,111.21,325,101.8,1597,0,True,110.78,0.04,542.78,0.0,1.0,0.0,0.0,0.0,0.0
ok,SPY240621C00433000,SPY,1719000000,call,433.0,1697808600,4,1718396100,109.27,418,109.74,110.21,325,93.32,1806,0,True,109.78,0.04,542.78,0.0,1.0,0.0,0.0,0.0,0.0
ok,SPY240621C00434000,SPY,1719000000,call,434.0,1697808600,4,1718396100,108.27,418,108.74,109.21,325,100.8,1343,0,True,108.78,0.04,542.78,0.0,1.0,0.0,0.0,0.0,0.0
ok,SPY240621C00435000,SPY,1719000000,call,435.0,1656077400,4,1718396100,107.34,325,107.76,108.18,325,107.27,11241,9,True,107.78,0.02,542.78,0.0,1.0,0.0,0.0,0.0,0.0
ok,SPY240621C00436000,SPY,1719000000,call,436.0,1697808600,4,1718396100,106.27,418,106.74,107.21,325,106.08,1175,6,True,106.78,0.04,542.78,0.0,1.0,0.0,0.0,0.0,0.0
ok,SPY240621C00437000,SPY,1719000000,call,437.0,1697808600,4,1718396100,105.27,418,105.74,106.21,325,97.29,1018,0,True,105.78,0.04,542.78,0.0,1.0,0.0,0.0,0.0,0.0
ok,SPY240621C00438000,SPY,1719000000,call,438.0,1697808600,4,1718396100,104.27,418,104.74,105.21,325,98.37,1046,0,True,104.78,0.04,542.78,0.0,1.0,0.0,0.0,0.0,0.0
ok,SPY240621C00439000,SPY,1719000000,call,439.0,1697808600,4,1718396100,103.27,418,103.74,104.21,325,89.5,1579,0,True,103.78,0.04,542.78,0.0,1.0,0.0,0.0,0.0,0.0
ok,SPY240621C00440000,SPY,1719000000,call,440.0,1656077400,4,1718396100,102.32,325,102.75,103.18,325,102.4,12262,110,True,102.78,0.03,542.78,0.0,1.0,0.0,0.0,0.0,0.0
ok,SPY240621C00441000,SPY,1719000000,call,441.0,1697808600,4,1718396100,101.28,325,101.75,102.22,325,89.71,1732,0,True,101.78,0.03,542.78,0.0,1.0,0.0,0.0,0.0,0.0
ok,SPY240621C00442000,SPY,1719000000,call,442.0,1697808600,4,1718396100,100.28,418,100.75,101.22,325,99.89,1659,0,True,100.78,0.03,542.78,0.0,1.0,0.0,0.0,0.0,0.0
ok,SPY240621C00443000,SPY,1719000000,call,443.0,1697808600,4,1718396100,99.28,325,99.75,100.22,325,97.17,1586,0,True,99.78,0.03,542.78,0.0,1.0,0.0,0.0,0.0,0.0
ok,SPY240621C00444000,SPY,1719000000,call,444.0,1697808600,4,1718396100,98.28,418,98.75,99.22,325,99.35,1162,0,True,98.78,0.03,542.78,0.0,1.0,0.0,0.0,0.0,0.0
ok,SPY240621C00445000,SPY,1719000000,call,445.0,1656077400,4,1718396100,97.35,325,97.77,98.18,418,97.48,12791,1022,True,97.78,0.01,542.78,0.0,1.0,0.0,0.0,0.0,0.0
ok,SPY240621C00446000,SPY,1719000000,call,446.0,1697808600,4,1718396100,96.28,418,96.75,97.22,325,95.66,2374,1,True,96.78,0.03,542.78,0.0,1.0,0.0,0.0,0.0,0.0
ok,SPY240621C00447000,SPY,1719000000,call,447.0,1697808600,4,1718396100,95.28,325,95.75,96.22,325,94.69,878,1,True,95.78,0.03,542.78,0.0,1.0,0.0,0.0,0.0,0.0
ok,SPY240621C00448000,SPY,1719000000,call,448.0,1697808600,4,1718396100,94.33,325,94.76,95.19,418,94.35,4531,1,True,94.78,0.02,542.78,0.0,1.0,0.0,0.0,0.0,0.0
ok,SPY240621C00449000,SPY,1719000000,call,449.0,1697808600,4,1718396100,93.28,418,93.75,94.22,325,93.14,1308,10,True,93.78,0.03,542.78,0.0,1.0,0.0,0.0,0.0,0.0
ok,SPY240621C00450000,SPY,1719000000,call,450.0,1656077400,4,1718396100,92.3,418,92.76,93.22,325,93.16,21252,44,True,92.78,0.02,542.78,0.0,1.0,0.0,0.0,0.0,0.0
ok,SPY240621C00451000,SPY,1719000000,call,451.0,1697808600,4,1718396100,91.28,418,91.75,92.22,325,90.87,1903,0,True,91.78,0.03,542.78,0.0,1.0,0.0,0.0,0.0,0.0
ok,SPY240621C00452000,SPY,1719000000,call,452.0,1705674600,4,1718396100,90.29,418,90.75,91.22,325,81.83,178,0,True,90.78,0.02,542.78,0.0,1.0,0.0,0.0,0.0,0.0
ok,SPY240621C00453000,SPY,1719000000,call,453.0,1705674600,4,1718396100,89.29,325,89.76,90.23,325,90.22,1121,0,True,89.78,0.02,542.78,0.0,1.0,0.0,0.0,0.0,0.0
ok,SPY240621C00454000,SPY,1719000000,call,454.0,1705674600,4,1718396100,88.29,418,88.76,89.23,325,81.21,87,0,True,88.78,0.02,542.78,0.0,1.0,0.0,0.0,0.0,0.0
ok,SPY240621C00455000,SPY,1719000000,call,455.0,1656077400,4,1718396100,87.36,325,87.78,88.19,418,87.78,16740,70,True,87.78,0.0,542.78,0.0,1.0,0.0,0.0,0.0,0.0
ok,SPY240621C00456000,SPY,1719000000,call,456.0,1705674600,4,1718396100,86.29,418,86.76,87.23,325,86.19,723,0,True,86.78,0.02,542.78,0.0,1.0,0.0,0.0,0.0,0.0
ok,SPY240621C00457000,SPY,1719000000,call,457.0,1705674600,4,1718396100,85.3,418,85.77,86.23,325,84.45,3128,3000,True,85.78,0.01,542.78,0.0,1.0,0.0,0.0,0.0,0.0
ok,SPY240621C00458000,SPY,1719000000,call,458.0,1705674600,4,1718396100,84.29,418,84.76,85.23,325,75.03,106,0,True,84.78,0.02,542.78,0.0,1.0,0.0,0.0,0.0,0.0
ok,SPY240621C00459000,SPY,1719000000,call,459.0,1705674600,4,1718396100,83.29,418,83.76,84.23,325,83.23,67,22,True,83.78,0.02,542.78,0.0,1.0,0.0,0.0,0.0,0.0
ok,SPY240621C00460000,SPY,1719000000,call,460.0,1656077400,4,1718396100,82.36,325,82.78,83.2,325,82.27,14428,99,True,82.78,0.0,542.78,0.0,1.0,0.0,0.0,0.0,0.0
ok,SPY240621C00461000,SPY,1719000000,call,461.0,1705674600,4,1718396100,81.29,418,81.76,82.23,325,82.92,199,0,True,81.78,0.02,542.78,0.0,1.0,0.0,0.0,0.0,0.0
ok,SPY240621C00462000,SPY,1719000000,call,462.0,1705674600,4,1718396100,80.3,418,80.77,81.23,325,80.41,714,1,True,80.78,0.01,542.78,0.0,1.0,0.0,0.0,0.0,0.0
ok,SPY240621C00463000,SPY,1719000000,call,463.0,1705674600,4,1718396100,79.3,418,79.77,80.23,325,78.73,188,1,True,79.78,0.01,542.78,0.0,1.0,0.0,0.0,0.0,0.0
ok,SPY240621C00464000,SPY,1719000000,call,464.0,1705674600,4,1718396100,78.3,418,78.77,79.23,325,77.68,106,0,True,78.78,0.01,542.78,0.0,1.0,0.0,0.0,0.0,0.0
ok,SPY240621C00465000,SPY,1719000000,call,465.0,1656077400,4,1718396100,77.37,325,77.78,78.2,418,77.06,15414,20,True,77.78,0.01,542.78,0.0,1.0,0.0,0.0,0.0,0.0
ok,SPY240621C00466000,SPY,1719000000,call,466.0,1705674600,4,1718396100,76.3,418,76.77,77.24,325,67.93,326,0,True,76.78,0.01,542.78,0.0,1.0,0.0,0.0,0.0,0.0
ok,SPY240621C00467000,SPY,1719000000,call,467.0,1705674600,4,1718396100,75.3,325,75.77,76.24,325,75.92,84,1,True,75.78,0.01,542.78,0.0,1.0,0.0,0.0,0.0,0.0
ok,SPY240621C00468000,SPY,1719000000,call,468.0,1705674600,4,1718396100,74.3,418,74.77,75.24,325,67.84,401,0,True,74.78,0.01,542.78,0.0,1.0,0.0,0.0,0.0,0.0
ok,SPY240621C00469000,SPY,1719000000,call,469.0,1705674600,4,1718396100,73.3,418,73.77,74.24,325,60.28,231,0,True,73.78,0.01,542.78,0.0,1.0,0.0,0.0,0.0,0.0
ok,SPY240621C00470000,SPY,1719000000,call,470.0,1656077400,4,1718396100,72.35,325,72.78,73.21,325,72.52,23914,44,True,72.78,0.0,542.78,0.0,1.0,0.0,0.0,0.0,0.0
ok,SPY240621C00471000,SPY,1719000000,call,471.0,1705674600,4,1718396100,71.3,325,71.77,72.24,325,71.14,446,0,True,71.78,0.01,542.78,0.0,1.0,0.0,0.0,0.0,0.0
ok,SPY240621C00472000,SPY,1719000000,call,472.0,1705674600,4,1718396100,70.31,418,70.78,71.24,325,70.59,136,1,True,70.78,0.0,542.78,0.0,1.0,0.0,0.0,0.0,0.0
ok,SPY240621C00473000,SPY,1719000000,call,473.0,1705674600,4,1718396100,69.31,418,69.78,70.24,325,69.0,113,0,True,69.78,0.0,542.78,0.0,1.0,0.0,0.0,0.0,0.0
ok,SPY240621C00474000,SPY,1719000000,call,474.0,1705674600,4,1718396100,68.31,418,68.78,69.24,325,68.23,280,0,True,68.78,0.0,542.78,0.0,1.0,0.0,0.0,0.0,0.0
ok,SPY240621C00475000,SPY,1719000000,call,475.0,1656077400,4,1718396100,67.38,325,67.81,68.24,325,67.44,13127,30,True,67.78,0.03,542.78,0.0,1.0,0.0,0.0,0.0,0.0
ok,SPY240621C00476000,SPY,1719000000,call,476.0,1705674600,4,1718396100,66.31,418,66.78,67.24,325,65.9,119,2,True,66.78,0.0,542.78,0.0,1.0,0.0,0.0,0.0,0.0
ok,SPY240621C00477000,SPY,1719000000,call,477.0,1705674600,4,1718396100,65.31,418,65.78,66.25,325,64.71,136,7,True,65.78,0.0,542.78,0.0,1.0,0.0,0.0,0.0,0.0
ok,SPY240621C00478000,SPY,1719000000,call,478.0,1705674600,4,1718396100,64.31,418,64.78,65.25,325,65.11,378,0,True,64.78,0.0,542.78,0.0,1.0,0.0,0.0,0.0,0.0
ok,SPY240621C00479000,SPY,1719000000,call,479.0,1705674600,4,1718396100,63.31,418,63.78,64.25,325,55.85,117,0,True,63.78,0.0,542.78,0.0,1.0,0.0,0.0,0.0,0.0
ok,SPY240621C00480000,SPY,1719000000,call,480.0,1656077400,4,1718396100,62.39,325,62.82,63.25,100,62.53,33014,41,True,62.78,0.04,542.78,0.0,1.0,0.0,0.0,0.0,0.0
ok,SPY240621C00481000,SPY,1719000000,call,481.0,1705674600,4,1718396100,61.32,325,61.78,62.25,325,61.59,251,1,True,61.78,0.01,542.78,0.0,1.0,0.0,0.0,0.0,0.0
ok,SPY240621C00482000,SPY,1719000000,call,482.0,1705674600,4,1718396100,60.32,418,60.78,61.25,325,52.03,428,0,True,60.78,0.01,542.78,0.0,1.0,0.0,0.0,0.0,0.0
ok,SPY240621C00483000,SPY,1719000000,call,483.0,1705674600,4,1718396100,59.32,418,59.78,60.25,325,59.09,284,1,True,59.78,0.01,542.78,0.0,1.0,0.0,0.0,0.0,0.0
ok,SPY240621C00484000,SPY,1719000000,call,484.0,1705674600,4,1718396100,58.32,418,58.78,59.25,325,58.57,266,1,True,58.78,0.01,542.78,0.0,1.0,0.0,0.0,0.0,0.0
ok,SPY240621C00485000,SPY,1719000000,call,485.0,1656077400,4,1718396100,57.39,325,57.81,58.23,325,57.42,29048,5011,True,57.78,0.03,542.78,0.0,1.0,0.0,0.0,0.0,0.0
ok,SPY240621C00486000,SPY,1719000000,call,486.0,1705674600,4,1718396100,56.32,418,56.78,57.25,325,55.44,96,0,True,56.78,0.01,542.78,0.0,1.0,0.0,0.0,0.0,0.0
ok,SPY240621C00487000,SPY,1719000000,call,487.0,1705674600,4,1718396100,55.32,418,55.78,56.25,325,54.56,828,0,True,55.78,0.01,542.78,0.0,1.0,0.0,0.0,0.0,0.0
ok,SPY240621C00488000,SPY,1719000000,call,488.0,1705674600,4,1718396100,54.32,418,54.79,55.26,325,54.43,260,6,True,54.78,0.01,542.78,0.0,1.0,0.0,0.0,0.0,0.0
ok,SPY240621C00489000,SPY,1719000000,call,489.0,1705674600,4,1718396100,53.32,418,53.79,54.26,325,52.5,492,1,True,53.78,0.01,542.78,0.0,1.0,0.0,0.0,0.0,0.0
ok,SPY240621C00490000,SPY,1719000000,call,490.0,1656077400,4,1718396100,52.4,325,52.83,53.26,325,52.6,48192,3994,True,52.78,0.05,542.78,0.0,1.0,0.0,0.0,0.0,0.0
ok,SPY240621C00491000,SPY,1719000000,call,491.0,1705674600,4,1718396100,51.33,325,51.8,52.26,325,43.84,393,0,True,51.78,0.02,542.78,0.0,1.0,0.0,0.0,0.0,0.0
ok,SPY240621C00492000,SPY,1719000000,call,492.0,1705674600,4,1718396100,50.33,418,50.8,51.26,325,50.38,708,38,True,50.78,0.02,542.78,0.0,1.0,0.0,0.0,0.0,0.0
ok,SPY240621C00493000,SPY,1719000000,call,493.0,1705674600,4,1718396100,49.4,325,49.82,50.24,325,49.36,10126,56,True,49.78,0.04,542.78,0.0,1.0,0.0,0.0,0.0,0.0
ok,SPY240621C00494000,SPY,1719000000,call,494.0,1705674600,4,1718396100,48.33,418,48.8,49.26,325,48.77,752,11,True,48.78,0.02,542.78,0.0,1.0,0.0,0.0,0.0,0.0
ok,SPY240621C00495000,SPY,1719000000,call,495.0,1656077400,4,1718396100,47.35,325,47.8,48.26,325,47.51,32380,15127,True,47.78,0.03,542.78,0.0,1.0,0.0,0.0,0.0,0.0
ok,SPY240621C00496000,SPY,1719000000,call,496.0,1705674600,4,1718396100,46.33,418,46.8,47.26,325,46.96,888,0,True,46.78,0.02,542.78,0.0,1.0,0.0,0.0,0.0,0.0
ok,SPY240621C00497000,SPY,1719000000,call,497.0,1705674600,4,1718396100,45.33,418,45.8,46.26,325,45.49,2403,3,True,45.78,0.02,542.78,0.0,1.0,0.0,0.0,0.0,0.0
ok,SPY240621C00498000,SPY,1719000000,call,498.0,1705674600,4,1718396100,44.33,418,44.8,45.26,325,44.74,1786,2,True,44.78,0.02,542.78,0.0,1.0,0.0,0.0,0.0,0.0
ok,SPY240621C00499000,SPY,1719000000,call,499.0,1705674600,4,1718396100,43.33,325,43.8,44.27,325,43.15,2225,6,True,43.78,0.02,542.78,0.0,1.0,0.0,0.0,0.0,0.0
ok,SPY240621C00500000,SPY,1719000000,call,500.0,1656077400,4,1718396100,42.39,325,42.82,43.25,418,42.78,49340,683,True,42.78,0.04,542.78,0.0,1.0,0.0,0.0,0.0,0.0
ok,SPY240621C00501000,SPY,1719000000,call,501.0,1705674600,4,1718396100,41.37,418,41.82,42.27,325,42.44,4413,0,True,41.78,0.04,542.78,0.0,1.0,0.0,0.0,0.0,0.0
ok,SPY240621C00502000,SPY,1719000000,call,502.0,1705674600,4,1718396100,40.37,418,40.82,41.27,325,40.4,7308,0,True,40.78,0.04,542.78,0.0,1.0,0.0,0.0,0.0,0.0
ok,SPY240621C00503000,SPY,1719000000,call,503.0,1707316200,4,1718396100,39.39,325,39.82,40.25,325,39.28,5779,4,True,39.78,0.04,542.78,0.0,1.0,0.0,0.0,0.0,0.0
ok,SPY240621C00504000,SPY,1719000000,call,504.0,1707316200,4,1718396100,38.36,325,38.81,39.27,325,39.36,4575,0,True,38.78,0.04,542.78,0.0,1.0,0.0,0.0,0.0,0.0
ok,SPY240621C00505000,SPY,1719000000,call,505.0,1656077400,4,1718396100,37.42,250,37.84,38.27,325,37.32,26452,95,True,37.78,0.07,542.78,0.0,1.0,0.0,0.0,0.0,0.0
ok,SPY240621C00506000,SPY,1719000000,call,506.0,1707316200,4,1718396100,36.4,325,36.83,37.26,325,36.5,4185,15,True,36.78,0.05,542.78,0.0,1.0,0.0,0.0,0.0,0.0
ok,SPY240621C00507000,SPY,1719000000,call,507.0,1707316200,4,1718396100,35.4,325,35.83,36.26,418,34.95,5815,5,True,35.78,0.05,542.78,0.0,1.0,0.0,0.0,0.0,0.0
ok,SPY240621C00508000,SPY,1719000000,call,508.0,1707316200,4,1718396100,34.4,325,34.83,35.26,325,33.86,4112,40,True,34.78,0.05,542.78,0.0,1.0,0.0,0.0,0.0,0.0
ok,SPY240621C00509000,SPY,1719000000,call,509.0,1707316200,4,1718396100,33.4,325,33.83,34.26,325,32.72,4654,6,True,33.78,0.05,542.78,0.0,1.0,0.0,0.0,0.0,0.0
ok,SPY240621C00510000,SPY,1719000000,call,510.0,1656077400,4,1718396100,32.43,250,32.86,33.28,325,32.6,27591,100,True,32.78,0.08,542.78,0.0,1.0,0.0,0.0,0.0,0.0
ok,SPY240621C00511000,SPY,1719000000,call,511.0,1707316200,4,1718396100,31.37,325,31.83,32.28,325,31.69,4176,99,True,31.78,0.05,542.78,0.0,1.0,0.0,0.0,0.0,0.0
ok,SPY240621C00512000,SPY,1719000000,call,512.0,1707316200,4,1718396100,30.41,325,30.84,31.28,325,30.31,5789,65,True,30.78,0.07,542.78,0.0,1.0,0.0,0.0,0.0,0.0
ok,SPY240621C00513000,SPY,1719000000,call,513.0,1707316200,4,1718396100,29.43,325,29.85,30.27,325,29.71,5279,9,True,29.78,0.07,542.78,0.0,1.0,0.0,0.0,0.0,0.0
ok,SPY240621C00514000,SPY,1719000000,call,514.0,1707316200,4,1718396100,28.38,418,28.83,29.28,325,27.44,3677,1,True,28.78,0.05,542.78,0.0,1.0,0.0,0.0,0.0,0.0
ok,SPY240621C00515000,SPY,1719000000,call,515.0,1656077400,4,1718396100,27.44,250,27.87,28.29,325,27.6,18541,149,True,27.78,0.09,542.78,0.0,1.0,0.0,0.0,0.0,0.0
ok,SPY240621C00516000,SPY,1719000000,call,516.0,1707316200,4,1718396100,26.38,325,26.84,27.29,325,26.52,4389,80,True,26.78,0.06,542.78,0.0,1.0,0.0,0.0,0.0,0.0
ok,SPY240621C00517000,SPY,1719000000,call,517.0,1707316200,4,1718396100,25.44,325,25.86,26.28,325,25.18,6797,9,True,25.78,0.08,542.78,0.0,1.0,0.0,0.0,0.0,0.0
ok,SPY240621C00518000,SPY,1719000000,call,518.0,1707316200,4,1718396100,24.4,418,24.84,25.29,325,24.58,6536,5,True,24.78,0.07,542.78,0.0,1.0,0.0,0.0,0.0,0.0
ok,SPY240621C00519000,SPY,1719000000,call,519.0,1707316200,4,1718396100,23.39,418,23.84,24.3,325,23.64,3614,15,True,23.78,0.07,542.78,0.0,1.0,0.0,0.0,0.0,0.0
ok,SPY240621C00520000,SPY,1719000000,call,520.0,1656077400,4,1718396100,22.45,325,22.88,23.3,325,22.8,27768,706,True,22.78,0.1,542.78,0.0,1.0,0.0,0.0,0.0,0.0
ok,SPY240621C00521000,SPY,1719000000,call,521.0,1707316200,4,1718396100,21.4,418,21.85,22.3,325,20.86,8473,202,True,21.78,0.07,542.78,0.0,1.0,0.0,0.0,0.0,0.0
ok,SPY240621C00522000,SPY,1719000000,call,522.0,1707316200,4,1718396100,20.44,325,20.88,21.31,325,20.32,12745,114,True,20.78,0.1,542.78,0.0,1.0,0.0,0.0,0.0,0.0
ok,SPY240621C00523000,SPY,1719000000,call,523.0,1707316200,4,1718396100,19.44,325,19.88,20.31,325,19.59,4917,8,True,19.78,0.1,542.78,0.0,1.0,0.0,0.0,0.0,0.0
ok,SPY240621C00524000,SPY,1719000000,call,524.0,1707316200,4,1718396100,18.44,419,18.86,19.28,325,18.58,8324,871,True,18.78,0.08,542.78,0.0,1.0,0.0,0.0,0.0,0.0
ok,SPY240621C00525000,SPY,1719000000,call,525.0,1656077400,4,1718396100,17.45,419,17.79,18.12,100,17.56,30503,212,True,17.78,0.01,542.78,0.0,1.0,0.0,0.0,0.0,0.0
ok,SPY240621C00526000,SPY,1719000000,call,526.0,1707316200,4,1718396100,16.44,325,16.89,17.34,325,16.83,4402,94,True,16.78,0.11,542.78,0.0,1.0,0.0,0.0,0.0,0.0
ok,SPY240621C00527000,SPY,1719000000,call,527.0,1707316200,4,1718396100,15.56,325,15.91,16.26,400,15.6,6361,339,True,15.78,0.13,542.78,0.0,1.0,0.0,0.0,0.0,0.0
ok,SPY240621C00528000,SPY,1719000000,call,528.0,1710423000,4,1718396100,14.58,325,14.93,15.27,400,14.91,6618,82,True,14.78,0.15,542.78,0.0,1.0,0.0,0.0,0.0,0.0
ok,SPY240621C00529000,SPY,1719000000,call,529.0,1710423000,4,1718396100,13.6,325,13.95,14.29,400,14.16,7098,216,True,13.78,0.17,542.78,0.0,1.0,0.0,0.0,0.0,0.0
ok,SPY240621C00530000,SPY,1719000000,call,530.0,1656077400,4,1718396100,12.63,325,12.87,13.1,1,12.85,43248,699,True,12.78,0.09,542.78,0.0,1.0,0.0,0.0,0.0,0.0
ok,SPY240621C00531000,SPY,1719000000,call,531.0,1710423000,4,1718396100,11.66,325,12.0,12.34,375,12.25,8316,158,True,11.78,0.22,542.78,0.066,0.992,0.004,-0.037,1.554,10.101
ok,SPY240621C00532000,SPY,1719000000,call,532.0,1710423000,4,1718396100,10.7,325,11.04,11.37,450,10.96,10327,362,True,10.78,0.26,542.78,0.073,0.979,0.009,-0.049,3.782,9.98
ok,SPY240621C00533000,SPY,1719000000,call,533.0,1710423000,4,1718396100,9.76,325,9.97,10.19,200,9.59,9376,107,True,9.78,0.2,542.78,0.0,1.0,0.0,0.0,0.0,0.0
ok,SPY240621C00534000,SPY,1719000000,call,534.0,1710423000,4,1718396100,9.0,100,9.11,9.21,100,9.08,9041,688,True,8.78,0.33,542.78,0.073,0.951,0.018,-0.068,7.599,9.727
ok,SPY240621C00535000,SPY,1719000000,call,535.0,1656077400,4,1718396100,8.08,125,8.18,8.29,100,8.22,21457,1768,True,7.78,0.41,542.78,0.075,0.925,0.025,-0.084,10.657,9.47
ok,SPY240621C00536000,SPY,1719000000,call,536.0,1710423000,4,1718396100,7.17,100,7.28,7.39,100,7.22,8642,417,True,6.78,0.5,542.78,0.075,0.894,0.032,-0.101,13.801,9.162
ok,SPY240621C00537000,SPY,1719000000,call,537.0,1710423000,4,1718396100,6.29,143,6.4,6.51,100,6.44,12236,864,True,5.78,0.62,542.78,0.075,0.858,0.04,-0.116,16.87,8.811
ok,SPY240621C00538000,SPY,1719000000,call,538.0,1710423000,4,1718396100,5.45,210,5.56,5.67,100,5.53,7005,2445,True,4.78,0.78,542.78,0.075,0.815,0.047,-0.131,20.038,8.381
ok,SPY240621C00539000,SPY,1719000000,call,539.0,1710423000,4,1718396100,4.67,169,4.77,4.86,300,4.88,5896,2698,True,3.78,0.99,542.78,0.074,0.765,0.055,-0.145,23.088,7.874
ok,SPY240621C00540000,SPY,1719000000,call,540.0,1656077400,4,1718396100,4.01,11,4.04,4.06,16,4.04,33603,15787,True,2.78,1.26,542.78,0.074,0.706,0.062,-0.158,25.886,7.274
ok,SPY240621C00541000,SPY,1719000000,call,541.0,1711114200,4,1718396100,3.32,42,3.33,3.35,54,3.32,7764,34924,True,1.78,1.56,542.78,0.073,0.643,0.068,-0.166,28.029,6.633
ok,SPY240621C00542000,SPY,1719000000,call,542.0,1711114200,4,1718396100,2.69,90,2.71,2.72,61,2.7,15764,20398,True,0.78,1.93,542.78,0.072,0.574,0.072,-0.17,29.465,5.927
ok,SPY240621P00543000,SPY,1719000000,put,543.0,1711114200,4,1718396100,3.45,118,3.46,3.48,121,3.47,6463,2941,True,0.22,3.24,542.78,0.115,-0.497,0.046,-0.232,29.986,-5.242
ok,SPY240621P00544000,SPY,1719000000,put,544.0,1711114200,4,1718396100,3.98,269,4.05,4.12,125,4.0,1341,1011,True,1.22,2.83,542.78,0.117,-0.542,0.045,-0.233,29.819,-5.722
ok,SPY240621P00545000,SPY,1719000000,put,545.0,1656077400,4,1718396100,4.64,243,4.71,4.78,100,4.74,1067,1859,True,2.22,2.49,542.78,0.12,-0.584,0.043,-0.234,29.315,-6.173
ok,SPY240621P00546000,SPY,1719000000,put,546.0,1711114200,4,1718396100,5.35,315,5.42,5.48,110,5.42,409,619,True,3.22,2.19,542.78,0.124,-0.623,0.041,-0.233,28.542,-6.593
ok,SPY240621P00547000,SPY,1719000000,put,547.0,1711114200,4,1718396100,6.15,167,6.22,6.3,100,5.95,207,554,True,4.22,2.0,542.78,0.129,-0.656,0.038,-0.235,27.666,-6.947
ok,SPY240621P00548000,SPY,1719000000,put,548.0,1711114200,4,1718396100,6.97,286,7.04,7.12,100,6.83,366,217,True,5.22,1.82,542.78,0.135,-0.685,0.035,-0.235,26.686,-7.27
ok,SPY240621P00549000,SPY,1719000000,put,549.0,1711114200,4,1718396100,7.59,400,7.93,8.28,325,8.0,636,60,True,6.22,1.71,542.78,0.142,-0.709,0.032,-0.239,25.766,-7.534
ok,SPY240621P00550000,SPY,1719000000,put,550.0,1656077400,4,1718396100,8.59,325,8.9,9.21,325,8.92,784,106,True,7.22,1.68,542.78,0.151,-0.726,0.029,-0.248,25.029,-7.73
ok,SPY240621P00551000,SPY,1719000000,put,551.0,1711114200,4,1718396100,9.44,544,9.8,10.16,325,11.09,52,44,True,8.22,1.58,542.78,0.158,-0.745,0.027,-0.249,24.133,-7.944
ok,SPY240621P00552000,SPY,1719000000,put,552.0,1711114200,4,1718396100,10.41,400,10.78,11.14,325,12.21,5,4,True,9.22,1.55,542.78,0.167,-0.758,0.025,-0.256,23.451,-8.101
ok,SPY240621P00553000,SPY,1719000000,put,553.0,1717680600,4,1718396100,11.38,250,11.81,12.24,325,12.91,2,1,True,10.22,1.59,542.78,0.178,-0.766,0.023,-0.269,23.022,-8.204
ok,SPY240621P00554000,SPY,1719000000,put,554.0,1717767000,4,1718396100,12.37,418,12.8,13.23,325,15.26,3,2,True,11.22,1.58,542.78,0.188,-0.776,0.021,-0.277,22.475,-8.325
ok,SPY240621P00555000,SPY,1719000000,put,555.0,1656077400,4,1718396100,13.36,418,13.79,14.22,325,14.97,21,17,True,12.22,1.57,542.78,0.197,-0.785,0.02,-0.284,21.957,-8.437
ok,SPY240621P00556000,SPY,1719000000,put,556.0,1718285400,4,1718396100,14.35,250,14.78,15.21,325,15.25,1,0,True,13.22,1.56,542.78,0.206,-0.793,0.018,-0.29,21.472,-8.54
ok,SPY240621P00558000,SPY,1719000000,put,558.0,1718285400,4,1718396100,16.33,250,16.77,17.2,325,0.0,0,0,True,15.22,1.54,542.78,0.223,-0.807,0.016,-0.302,20.578,-8.724
ok,SPY240621P00560000,SPY,1719000000,put,560.0,1656077400,4,1718396100,18.33,418,18.77,19.2,325,20.2,219,0,True,17.22,1.54,542.78,0.241,-0.818,0.014,-0.315,19.839,-8.878
ok,SPY240621P00562000,SPY,1719000000,put,562.0,1718285400,4,1718396100,20.33,250,20.76,21.19,325,0.0,0,0,True,19.22,1.54,542.78,0.258,-0.828,0.013,-0.327,19.172,-9.016
ok,SPY240621P00564000,SPY,1719000000,put,564.0,1718285400,4,1718396100,22.33,418,22.76,23.19,325,0.0,0,0,True,21.22,1.54,542.78,0.275,-0.836,0.012,-0.338,18.571,-9.141
ok,SPY240621P00565000,SPY,1719000000,put,565.0,1656336600,4,1718396100,23.32,418,23.76,24.19,325,23.58,21,0,True,22.22,1.53,542.78,0.282,-0.84,0.011,-0.342,18.259,-9.204
ok,SPY240621P00566000,SPY,1719000000,put,566.0,1718285400,4,1718396100,24.32,250,24.76,25.19,325,0.0,0,0,True,23.22,1.53,542.78,0.291,-0.844,0.011,-0.346,17.99,-9.26
ok,SPY240621P00568000,SPY,1719000000,put,568.0,1718285400,4,1718396100,26.31,418,26.75,27.19,325,0.0,0,0,True,25.22,1.53,542.78,0.307,-0.85,0.01,-0.356,17.493,-9.365
ok,SPY240621P00570000,SPY,1719000000,put,570.0,1656336600,4,1718396100,28.31,250,28.74,29.18,325,29.13,133,0,True,27.22,1.52,542.78,0.322,-0.857,0.009,-0.363,16.994,-9.469
ok,SPY240621P00572000,SPY,1719000000,put,572.0,1718285400,4,1718396100,30.31,250,30.74,31.18,325,0.0,0,0,True,29.22,1.52,542.78,0.338,-0.862,0.009,-0.372,16.569,-9.562
ok,SPY240621P00574000,SPY,1719000000,put,574.0,1718285400,4,1718396100,32.31,250,32.75,33.18,325,0.0,0,0,True,31.22,1.52,542.78,0.353,-0.867,0.008,-0.38,16.176,-9.65
ok,SPY240621P00575000,SPY,1719000000,put,575.0,1656336600,4,1718396100,33.31,250,33.75,34.18,325,45.75,1,0,True,32.22,1.52,542.78,0.361,-0.869,0.008,-0.384,15.987,-9.693
ok,SPY240621P00576000,SPY,1719000000,put,576.0,1718285400,4,1718396100,34.3,325,34.74,35.18,325,0.0,0,0,True,33.22,1.52,542.78,0.368,-0.871,0.008,-0.387,15.809,-9.734
ok,SPY240621P00578000,SPY,1719000000,put,578.0,1718285400,4,1718396100,36.31,418,36.74,37.17,325,0.0,0,0,True,35.22,1.52,542.78,0.383,-0.875,0.007,-0.395,15.464,-9.814
ok,SPY240621P00580000,SPY,1719000000,put,580.0,1656336600,4,1718396100,38.3,250,38.73,39.17,325,45.2,11,0,True,37.22,1.51,542.78,0.397,-0.879,0.007,-0.4,15.105,-9.895
ok,SPY240621P00585000,SPY,1719000000,put,585.0,1658410200,4,1718396100,43.3,250,43.73,44.16,325,64.24,0,0,True,42.22,1.51,542.78,0.433,-0.887,0.006,-0.416,14.392,-10.074
ok,SPY240621P00590000,SPY,1719000000,put,590.0,1658410200,4,1718396100,48.29,250,48.72,49.16,325,48.78,0,1,True,47.22,1.5,542.78,0.468,-0.894,0.005,-0.429,13.729,-10.244
ok,SPY240621P00595000,SPY,1719000000,put,595.0,1659360600,4,1718396100,53.28,418,53.72,54.15,325,52.67,3,0,True,52.22,1.49,542.78,0.501,-0.9,0.005,-0.44,13.146,-10.403
ok,SPY240621P00600000,SPY,1719000000,put,600.0,1659360600,4,1718396100,58.27,325,58.71,59.15,325,58.7,0,2,True,57.22,1.49,542.78,0.534,-0.905,0.004,-0.452,12.663,-10.551
ok,SPY240621P00605000,SPY,1719000000,put,605.0,1659360600,4,1718396100,63.27,250,63.7,64.14,325,79.34,0,0,True,62.22,1.48,542.78,0.566,-0.91,0.004,-0.462,12.197,-10.695
ok,SPY240621P00610000,SPY,1719000000,put,610.0,1659360600,4,1718396100,68.26,418,68.69,69.13,325,69.01,30,0,True,67.22,1.47,542.78,0.596,-0.914,0.003,-0.47,11.774,-10.834
ok,SPY240621P00615000,SPY,1719000000,put,615.0,1659619800,4,1718396100,73.25,250,73.69,74.13,325,95.81,0,0,True,72.22,1.47,542.78,0.628,-0.918,0.003,-0.48,11.421,-10.966
ok,SPY240621P00620000,SPY,1719000000,put,620.0,1660051800,4,1718396100,78.24,418,78.68,79.12,325,78.74,0,1,True,77.22,1.46,542.78,0.657,-0.921,0.003,-0.487,11.072,-11.096
ok,SPY240621P00625000,SPY,1719000000,put,625.0,1660224600,4,1718396100,83.24,418,83.67,84.11,325,190.91,0,0,True,82.22,1.45,542.78,0.686,-0.924,0.003,-0.494,10.744,-11.223
ok,SPY240621P00630000,SPY,1719000000,put,630.0,1660311000,4,1718396100,88.24,250,88.67,89.11,325,120.76,0,0,True,87.22,1.45,542.78,0.715,-0.926,0.002,-0.502,10.474,-11.345
ok,SPY240621P00635000,SPY,1719000000,put,635.0,1660311000,4,1718396100,93.22,325,93.66,94.1,325,117.53,0,0,True,92.22,1.44,542.78,0.743,-0.929,0.002,-0.508,10.196,-11.467
ok,SPY240621P00640000,SPY,1719000000,put,640.0,1686922200,4,1718396100,98.22,418,98.66,99.09,325,140.98,0,0,True,97.22,1.43,542.78,0.771,-0.931,0.002,-0.513,9.931,-11.588
ok,SPY240621P00645000,SPY,1719000000,put,645.0,1686922200,4,1718396100,103.22,250,103.66,104.09,325,211.07,0,0,True,102.22,1.43,542.78,0.799,-0.933,0.002,-0.52,9.718,-11.703
ok,SPY240621P00650000,SPY,1719000000,put,650.0,1686922200,4,1718396100,108.2,418,108.64,109.08,325,141.46,0,0,True,107.22,1.42,542.78,0.825,-0.935,0.002,-0.525,9.49,-11.82
ok,SPY240621P00655000,SPY,1719000000,put,655.0,1686922200,4,1718396100,113.2,418,113.64,114.08,325,114.03,0,0,True,112.22,1.42,542.78,0.852,-0.937,0.002,-0.532,9.304,-11.933
ok,SPY240621P00660000,SPY,1719000000,put,660.0,1686922200,4,1718396100,118.2,418,118.63,119.07,325,226.48,0,0,True,117.22,1.41,542.78,0.878,-0.939,0.002,-0.536,9.101,-12.047
ok,SPY240621P00665000,SPY,1719000000,put,665.0,1689946200,4,1718396100,123.19,250,123.63,124.07,325,231.22,0,0,True,122.22,1.41,542.78,0.904,-0.94,0.002,-0.542,8.938,-12.157
ok,SPY240621P00670000,SPY,1719000000,put,670.0,1689946200,4,1718396100,128.18,418,128.62,129.06,325,236.2,0,0,True,127.22,1.4,542.78,0.929,-0.942,0.002,-0.545,8.753,-12.269
ok,SPY240621P00675000,SPY,1719000000,put,675.0,1689946200,4,1718396100,133.17,418,133.62,134.06,325,164.56,0,0,True,132.22,1.39,542.78,0.954,-0.943,0.002,-0.548,8.58,-12.38
ok,SPY240621P00680000,SPY,1719000000,put,680.0,1689946200,4,1718396100,138.17,250,138.61,139.05,325,149.95,0,0,True,137.22,1.39,542.78,0.979,-0.944,0.002,-0.554,8.441,-12.488
